Workbook

Sheet Erklärung
B1: Erklärung – Operative Krankenquote
B4: Was muss ich eintragen? (nur 3 Dinge)
B5: 1. Mitarbeiter | C5: Jede Person einmal: Pers.-Nr., Name, Eintritt, ggf. Austritt, Wochenstunden. Bei Austritt nur Datum eintragen, Zeile nie löschen.
B6: 2. Stunden Objekte | C6: Pro Monat je Objekt EINE Zahl: Gesamtstunden aller Mitarbeiter im Objekt (z. B. aus Dienstplan/Zeiterfassung). Wer zwischen den Objekten wechselt, steckt mit seinen Stunden einfach in der jeweiligen Objektsumme.
B7: 3. Krankmeldungen | C7: Nur wenn jemand krank ist: Pers.-Nr. (Auswahlliste), Objekt (wo der MA eingeplant war), Krank von, Krank bis – wie auf der AU. Bis leer lassen, solange die Person noch krank ist. Arbeitstage und Krankstunden werden automatisch berechnet (Mo–Fr ohne Feiertage, × Std./Tag), auch über Monatsgrenzen hinweg.
B8: Wechsel während Krankheit | C8: Muss eine Krankmeldung auf zwei Objekte aufgeteilt werden: zwei Zeilen mit jeweiligem Zeitraum.
B9: Spalte „Prüfung“ | C9: ok = alles richtig; offen (gelb) = noch kein Bis-Datum; rot = Fehler (Pers.-Nr. unbekannt, Objekt fehlt, Bis vor Von, vor Eintritt, nach Austritt).
B11: Einmalig einrichten (Tab Einstellungen)
B12: Grundwerte | C12: Auswertungsjahr, Objektnamen, Ampelgrenzen, Vollzeit-Wochenstunden.
B13: Gesamtstunden mit Krankstunden? | C13: „Nein“ (Standard), wenn in „Stunden Objekte“ nur tatsächlich gearbeitete Stunden stehen. „Ja“, wenn die Stunden aus dem Dienstplan stammen und Krankstunden bereits enthalten sind.
B14: Feiertage | C14: NRW 2026 sind eingetragen. Die Arbeitstage je Monat berechnen sich daraus automatisch.
B16: Die Auswertungen (alles automatisch)
B17: Krankenquote Objekte | C17: Je Monat und Objekt: Gesamtstunden, Krankstunden, Quote, Krankheitstage, Anzahl kranker MA; Liniendiagramm.
B18: Jahreskumulierung | C18: Im Tab „Krankenquote Objekte“ unter der Monatstabelle: Gesamtstunden, Krankstunden und Quote kumuliert von Januar bis zum jeweiligen Monat (je Objekt und gesamt), mit Liniendiagramm.
B19: KQuote Mitarbeiter | C19: Je Person: Sollstunden, Krankstunden je Objekt, Krankheitstage, Anzahl Krankmeldungen, Quote, Rang, Ampel; Kennzahlen, Kuchendiagramm Bewertung, Top 10.
B20: Auswertung Objekte | C20: Jahresvergleich beider Objekte mit Kuchendiagrammen (Krankstunden, Gesamtstunden) und Monatsdiagramm.
B21: Stundenauswertung | C21: Krankstunden je Mitarbeiter und Monat mit Sollstunden und Quote.
B22: Mitarbeiter (Fluktuation) | C22: Eintritte, Austritte, Bestand je Monat, Fluktuationsquote.
B24: Formeln
B25: Krankstunden | C25: Arbeitstage der Krankmeldung × Std./Tag (Wochenstunden ÷ 5).
B26: Quote je Objekt | C26: Krankstunden ÷ (Gesamtstunden + Krankstunden). Bei Einstellung „Ja“: Krankstunden ÷ Gesamtstunden.
B27: Quote je Mitarbeiter | C27: Krankstunden ÷ Sollstunden. Sollstunden = Arbeitstage zwischen Eintritt (frühestens 1.1.) und Austritt bzw. Stichtag × Std./Tag. Wichtig: Für Mitarbeiter gibt es keine Einzelstunden mehr, daher Soll statt Ist.
B28: Ampel | C28: unauffällig ≤ Schwelle 1, auffällig ≤ Schwelle 2, darüber kritisch.
B29: Fluktuationsquote | C29: Austritte ÷ Ø Personalbestand (Jahresbeginn + 12 Monatsenden).
B30: Ausfall VZ-Stellen | C30: Krankstunden ÷ Jahres-Sollstunden einer Vollzeitkraft.
B32: Hinweise
B33: Kapazität | C33: 200 Mitarbeiter, 1000 Krankmeldungen.
B34: Datenschutz | C34: Gesundheitsdaten sind besonders schützenswert (Art. 9 DSGVO). Zugriff nur für Berechtigte, Datei mit Passwort schützen.
B36: Farblegende
B37: 123 | C37: Eingabe (blaue Schrift / gelbes Feld)
B38: 123 | C38: Verknüpfung aus anderem Tab (grün)
B39: 123 | C39: Automatisch berechnet – nicht überschreiben
B40: unauffällig | C40: Ampel grün
B41: auffällig | C41: Ampel gelb / offen
B42: kritisch | C42: Ampel rot / Fehler

Sheet Einstellungen
A1: Einstellungen | G1: → Erklärung
A2: Zentrale Vorgaben – gelbe Felder anpassen. Alle Tabs beziehen sich auf diese Werte.
B3: Auswertungsjahr | C3: 2026 | D3: Jahr, für das alle Auswertungen rechnen.
B4: Name Objekt 1 | C4: Objekt 1 | D4: Erscheint in allen Auswahllisten und Auswertungen.
B5: Name Objekt 2 | C5: Objekt 2
B6: Vollzeit-Wochenstunden | C6: 40 | D6: Für Ausfall in Vollzeitstellen.
B7: Ampel: unauffällig bis | C7: 0.03 | D7: Krankenquote bis zu diesem Wert = grün.
B8: Ampel: auffällig bis | C8: 0.06 | D8: Bis zu diesem Wert = gelb, darüber = rot (kritisch).
B9: Stichtag | C9: =MIN(TODAY(),DATE(C3,12,31)) | D9: Bis zu diesem Tag werden Sollstunden und offene Krankmeldungen (ohne Bis-Datum) gerechnet.
B10: Gesamtstunden enthalten Krankstunden? | C10: Nein | D10: Nein = in „Stunden Objekte“ stehen nur geleistete Stunden. Ja = Krankstunden sind in den Gesamtstunden schon enthalten.
B12: Monat | C12: Arbeitstage (auto) | E12: Feiertag | F12: Datum
B13: Januar | C13: =NETWORKDAYS(DATE($C$3,1,1),DATE($C$3,2,0),$F$13:$F$32) | E13: Neujahr | F13: 46023
B14: Februar | C14: =NETWORKDAYS(DATE($C$3,2,1),DATE($C$3,3,0),$F$13:$F$32) | E14: Karfreitag | F14: 46115
B15: März | C15: =NETWORKDAYS(DATE($C$3,3,1),DATE($C$3,4,0),$F$13:$F$32) | E15: Ostermontag | F15: 46118
B16: April | C16: =NETWORKDAYS(DATE($C$3,4,1),DATE($C$3,5,0),$F$13:$F$32) | E16: Tag der Arbeit | F16: 46143
B17: Mai | C17: =NETWORKDAYS(DATE($C$3,5,1),DATE($C$3,6,0),$F$13:$F$32) | E17: Christi Himmelfahrt | F17: 46156
B18: Juni | C18: =NETWORKDAYS(DATE($C$3,6,1),DATE($C$3,7,0),$F$13:$F$32) | E18: Pfingstmontag | F18: 46167
B19: Juli | C19: =NETWORKDAYS(DATE($C$3,7,1),DATE($C$3,8,0),$F$13:$F$32) | E19: Fronleichnam | F19: 46177
B20: August | C20: =NETWORKDAYS(DATE($C$3,8,1),DATE($C$3,9,0),$F$13:$F$32) | E20: Tag der Deutschen Einheit | F20: 46298
B21: September | C21: =NETWORKDAYS(DATE($C$3,9,1),DATE($C$3,10,0),$F$13:$F$32) | E21: Allerheiligen | F21: 46327
B22: Oktober | C22: =NETWORKDAYS(DATE($C$3,10,1),DATE($C$3,11,0),$F$13:$F$32) | E22: 1. Weihnachtstag | F22: 46381
B23: November | C23: =NETWORKDAYS(DATE($C$3,11,1),DATE($C$3,12,0),$F$13:$F$32) | E23: 2. Weihnachtstag | F23: 46382
B24: Dezember | C24: =NETWORKDAYS(DATE($C$3,12,1),DATE($C$3,13,0),$F$13:$F$32)
B25: Summe | C25: =SUM(C13:C24)
E33: Feiertage NRW 2026 – für ein anderes Jahr/Bundesland anpassen. Arbeitstage = Mo–Fr ohne diese Feiertage.

Sheet Mitarbeiter
A1: Mitarbeiter – Stammdaten & Fluktuation | N1: → Erklärung
A2: Jede Person nur EINMAL eintragen. Bei Austritt Datum eintragen – Zeile NICHT löschen. Neue Mitarbeiter unten anfügen.
J4: Fluktuation im Auswertungsjahr
A5: Pers.-Nr. | B5: Name | C5: Eintritt | D5: Austritt | E5: Wochen- stunden | F5: Std./Tag | G5: Status | H5: Sollstunden bis Stichtag | J5: Monat | K5: Eintritte | L5: Austritte | M5: Bestand Monatsende
A6: 1001 | B6: Mitarbeiter 001 | C6: 46023 | E6: 40 | F6: =IF(E6="","",E6/5) | G6: =IF(B6="","",IF(C6>Einstellungen!$C$9,"künftig",IF(AND(D6<>"",D6<Einstellungen!$C$9),"ausgeschieden","aktiv"))) | H6: =IF(OR(B6="",E6=""),"",MAX(0,NETWORKDAYS(MAX(C6,DATE(Einstellungen!$C$3,1,1)),MIN(IF(D6="",DATE(Einstellungen!$C$3,12,31),D6),Einstellungen!$C$9),Einstellungen!$F$13:$F$32))*F6) | J6: =DATE(Einstellungen!$C$3,1,1)-1 | K6: Bestand Jahresbeginn → | M6: =COUNTIFS($C$6:$C$205,"<="&J6,$D$6:$D$205,">"&J6)+COUNTIFS($C$6:$C$205,"<="&J6,$D$6:$D$205,"")
A7: 1002 | B7: Mitarbeiter 002 | C7: 46023 | E7: 20 | F7: =IF(E7="","",E7/5) | G7: =IF(B7="","",IF(C7>Einstellungen!$C$9,"künftig",IF(AND(D7<>"",D7<Einstellungen!$C$9),"ausgeschieden","aktiv"))) | H7: =IF(OR(B7="",E7=""),"",MAX(0,NETWORKDAYS(MAX(C7,DATE(Einstellungen!$C$3,1,1)),MIN(IF(D7="",DATE(Einstellungen!$C$3,12,31),D7),Einstellungen!$C$9),Einstellungen!$F$13:$F$32))*F7) | J7: =DATE(Einstellungen!$C$3,1,1) | K7: =COUNTIFS($C$6:$C$205,">="&J7,$C$6:$C$205,"<="&DATE(Einstellungen!$C$3,2,0)) | L7: =COUNTIFS($D$6:$D$205,">="&J7,$D$6:$D$205,"<="&DATE(Einstellungen!$C$3,2,0)) | M7: =COUNTIFS($C$6:$C$205,"<="&DATE(Einstellungen!$C$3,2,0),$D$6:$D$205,">"&DATE(Einstellungen!$C$3,2,0))+COUNTIFS($C$6:$C$205,"<="&DATE(Einstellungen!$C$3,2,0),$D$6:$D$205,"")
A8: 1003 | B8: Mitarbeiter 003 | C8: 46023 | D8: 46293 | E8: 40 | F8: =IF(E8="","",E8/5) | G8: =IF(B8="","",IF(C8>Einstellungen!$C$9,"künftig",IF(AND(D8<>"",D8<Einstellungen!$C$9),"ausgeschieden","aktiv"))) | H8: =IF(OR(B8="",E8=""),"",MAX(0,NETWORKDAYS(MAX(C8,DATE(Einstellungen!$C$3,1,1)),MIN(IF(D8="",DATE(Einstellungen!$C$3,12,31),D8),Einstellungen!$C$9),Einstellungen!$F$13:$F$32))*F8) | J8: =DATE(Einstellungen!$C$3,2,1) | K8: =COUNTIFS($C$6:$C$205,">="&J8,$C$6:$C$205,"<="&DATE(Einstellungen!$C$3,3,0)) | L8: =COUNTIFS($D$6:$D$205,">="&J8,$D$6:$D$205,"<="&DATE(Einstellungen!$C$3,3,0)) | M8: =COUNTIFS($C$6:$C$205,"<="&DATE(Einstellungen!$C$3,3,0),$D$6:$D$205,">"&DATE(Einstellungen!$C$3,3,0))+COUNTIFS($C$6:$C$205,"<="&DATE(Einstellungen!$C$3,3,0),$D$6:$D$205,"")
A9: 1004 | B9: Mitarbeiter 004 | C9: 46023 | E9: 40 | F9: =IF(E9="","",E9/5) | G9: =IF(B9="","",IF(C9>Einstellungen!$C$9,"künftig",IF(AND(D9<>"",D9<Einstellungen!$C$9),"ausgeschieden","aktiv"))) | H9: =IF(OR(B9="",E9=""),"",MAX(0,NETWORKDAYS(MAX(C9,DATE(Einstellungen!$C$3,1,1)),MIN(IF(D9="",DATE(Einstellungen!$C$3,12,31),D9),Einstellungen!$C$9),Einstellungen!$F$13:$F$32))*F9) | J9: =DATE(Einstellungen!$C$3,3,1) | K9: =COUNTIFS($C$6:$C$205,">="&J9,$C$6:$C$205,"<="&DATE(Einstellungen!$C$3,4,0)) | L9: =COUNTIFS($D$6:$D$205,">="&J9,$D$6:$D$205,"<="&DATE(Einstellungen!$C$3,4,0)) | M9: =COUNTIFS($C$6:$C$205,"<="&DATE(Einstellungen!$C$3,4,0),$D$6:$D$205,">"&DATE(Einstellungen!$C$3,4,0))+COUNTIFS($C$6:$C$205,"<="&DATE(Einstellungen!$C$3,4,0),$D$6:$D$205,"")
A10: 1005 | B10: Mitarbeiter 005 | C10: 46023 | D10: 46293 | E10: 40 | F10: =IF(E10="","",E10/5) | G10: =IF(B10="","",IF(C10>Einstellungen!$C$9,"künftig",IF(AND(D10<>"",D10<Einstellungen!$C$9),"ausgeschieden","aktiv"))) | H10: =IF(OR(B10="",E10=""),"",MAX(0,NETWORKDAYS(MAX(C10,DATE(Einstellungen!$C$3,1,1)),MIN(IF(D10="",DATE(Einstellungen!$C$3,12,31),D10),Einstellungen!$C$9),Einstellungen!$F$13:$F$32))*F10) | J10: =DATE(Einstellungen!$C$3,4,1) | K10: =COUNTIFS($C$6:$C$205,">="&J10,$C$6:$C$205,"<="&DATE(Einstellungen!$C$3,5,0)) | L10: =COUNTIFS($D$6:$D$205,">="&J10,$D$6:$D$205,"<="&DATE(Einstellungen!$C$3,5,0)) | M10: =COUNTIFS($C$6:$C$205,"<="&DATE(Einstellungen!$C$3,5,0),$D$6:$D$205,">"&DATE(Einstellungen!$C$3,5,0))+COUNTIFS($C$6:$C$205,"<="&DATE(Einstellungen!$C$3,5,0),$D$6:$D$205,"")
A11: 1006 | B11: Mitarbeiter 006 | C11: 46023 | E11: 40 | F11: =IF(E11="","",E11/5) | G11: =IF(B11="","",IF(C11>Einstellungen!$C$9,"künftig",IF(AND(D11<>"",D11<Einstellungen!$C$9),"ausgeschieden","aktiv"))) | H11: =IF(OR(B11="",E11=""),"",MAX(0,NETWORKDAYS(MAX(C11,DATE(Einstellungen!$C$3,1,1)),MIN(IF(D11="",DATE(Einstellungen!$C$3,12,31),D11),Einstellungen!$C$9),Einstellungen!$F$13:$F$32))*F11) | J11: =DATE(Einstellungen!$C$3,5,1) | K11: =COUNTIFS($C$6:$C$205,">="&J11,$C$6:$C$205,"<="&DATE(Einstellungen!$C$3,6,0)) | L11: =COUNTIFS($D$6:$D$205,">="&J11,$D$6:$D$205,"<="&DATE(Einstellungen!$C$3,6,0)) | M11: =COUNTIFS($C$6:$C$205,"<="&DATE(Einstellungen!$C$3,6,0),$D$6:$D$205,">"&DATE(Einstellungen!$C$3,6,0))+COUNTIFS($C$6:$C$205,"<="&DATE(Einstellungen!$C$3,6,0),$D$6:$D$205,"")
A12: 1007 | B12: Mitarbeiter 007 | C12: 46023 | E12: 40 | F12: =IF(E12="","",E12/5) | G12: =IF(B12="","",IF(C12>Einstellungen!$C$9,"künftig",IF(AND(D12<>"",D12<Einstellungen!$C$9),"ausgeschieden","aktiv"))) | H12: =IF(OR(B12="",E12=""),"",MAX(0,NETWORKDAYS(MAX(C12,DATE(Einstellungen!$C$3,1,1)),MIN(IF(D12="",DATE(Einstellungen!$C$3,12,31),D12),Einstellungen!$C$9),Einstellungen!$F$13:$F$32))*F12) | J12: =DATE(Einstellungen!$C$3,6,1) | K12: =COUNTIFS($C$6:$C$205,">="&J12,$C$6:$C$205,"<="&DATE(Einstellungen!$C$3,7,0)) | L12: =COUNTIFS($D$6:$D$205,">="&J12,$D$6:$D$205,"<="&DATE(Einstellungen!$C$3,7,0)) | M12: =COUNTIFS($C$6:$C$205,"<="&DATE(Einstellungen!$C$3,7,0),$D$6:$D$205,">"&DATE(Einstellungen!$C$3,7,0))+COUNTIFS($C$6:$C$205,"<="&DATE(Einstellungen!$C$3,7,0),$D$6:$D$205,"")
A13: 1008 | B13: Mitarbeiter 008 | C13: 46023 | E13: 30 | F13: =IF(E13="","",E13/5) | G13: =IF(B13="","",IF(C13>Einstellungen!$C$9,"künftig",IF(AND(D13<>"",D13<Einstellungen!$C$9),"ausgeschieden","aktiv"))) | H13: =IF(OR(B13="",E13=""),"",MAX(0,NETWORKDAYS(MAX(C13,DATE(Einstellungen!$C$3,1,1)),MIN(IF(D13="",DATE(Einstellungen!$C$3,12,31),D13),Einstellungen!$C$9),Einstellungen!$F$13:$F$32))*F13) | J13: =DATE(Einstellungen!$C$3,7,1) | K13: =COUNTIFS($C$6:$C$205,">="&J13,$C$6:$C$205,"<="&DATE(Einstellungen!$C$3,8,0)) | L13: =COUNTIFS($D$6:$D$205,">="&J13,$D$6:$D$205,"<="&DATE(Einstellungen!$C$3,8,0)) | M13: =COUNTIFS($C$6:$C$205,"<="&DATE(Einstellungen!$C$3,8,0),$D$6:$D$205,">"&DATE(Einstellungen!$C$3,8,0))+COUNTIFS($C$6:$C$205,"<="&DATE(Einstellungen!$C$3,8,0),$D$6:$D$205,"")
A14: 1009 | B14: Mitarbeiter 009 | C14: 46023 | E14: 30 | F14: =IF(E14="","",E14/5) | G14: =IF(B14="","",IF(C14>Einstellungen!$C$9,"künftig",IF(AND(D14<>"",D14<Einstellungen!$C$9),"ausgeschieden","aktiv"))) | H14: =IF(OR(B14="",E14=""),"",MAX(0,NETWORKDAYS(MAX(C14,DATE(Einstellungen!$C$3,1,1)),MIN(IF(D14="",DATE(Einstellungen!$C$3,12,31),D14),Einstellungen!$C$9),Einstellungen!$F$13:$F$32))*F14) | J14: =DATE(Einstellungen!$C$3,8,1) | K14: =COUNTIFS($C$6:$C$205,">="&J14,$C$6:$C$205,"<="&DATE(Einstellungen!$C$3,9,0)) | L14: =COUNTIFS($D$6:$D$205,">="&J14,$D$6:$D$205,"<="&DATE(Einstellungen!$C$3,9,0)) | M14: =COUNTIFS($C$6:$C$205,"<="&DATE(Einstellungen!$C$3,9,0),$D$6:$D$205,">"&DATE(Einstellungen!$C$3,9,0))+COUNTIFS($C$6:$C$205,"<="&DATE(Einstellungen!$C$3,9,0),$D$6:$D$205,"")
A15: 1010 | B15: Mitarbeiter 010 | C15: 46023 | D15: 46109 | E15: 40 | F15: =IF(E15="","",E15/5) | G15: =IF(B15="","",IF(C15>Einstellungen!$C$9,"künftig",IF(AND(D15<>"",D15<Einstellungen!$C$9),"ausgeschieden","aktiv"))) | H15: =IF(OR(B15="",E15=""),"",MAX(0,NETWORKDAYS(MAX(C15,DATE(Einstellungen!$C$3,1,1)),MIN(IF(D15="",DATE(Einstellungen!$C$3,12,31),D15),Einstellungen!$C$9),Einstellungen!$F$13:$F$32))*F15) | J15: =DATE(Einstellungen!$C$3,9,1) | K15: =COUNTIFS($C$6:$C$205,">="&J15,$C$6:$C$205,"<="&DATE(Einstellungen!$C$3,10,0)) | L15: =COUNTIFS($D$6:$D$205,">="&J15,$D$6:$D$205,"<="&DATE(Einstellungen!$C$3,10,0)) | M15: =COUNTIFS($C$6:$C$205,"<="&DATE(Einstellungen!$C$3,10,0),$D$6:$D$205,">"&DATE(Einstellungen!$C$3,10,0))+COUNTIFS($C$6:$C$205,"<="&DATE(Einstellungen!$C$3,10,0),$D$6:$D$205,"")
A16: 1011 | B16: Mitarbeiter 011 | C16: 46023 | E16: 30 | F16: =IF(E16="","",E16/5) | G16: =IF(B16="","",IF(C16>Einstellungen!$C$9,"künftig",IF(AND(D16<>"",D16<Einstellungen!$C$9),"ausgeschieden","aktiv"))) | H16: =IF(OR(B16="",E16=""),"",MAX(0,NETWORKDAYS(MAX(C16,DATE(Einstellungen!$C$3,1,1)),MIN(IF(D16="",DATE(Einstellungen!$C$3,12,31),D16),Einstellungen!$C$9),Einstellungen!$F$13:$F$32))*F16) | J16: =DATE(Einstellungen!$C$3,10,1) | K16: =COUNTIFS($C$6:$C$205,">="&J16,$C$6:$C$205,"<="&DATE(Einstellungen!$C$3,11,0)) | L16: =COUNTIFS($D$6:$D$205,">="&J16,$D$6:$D$205,"<="&DATE(Einstellungen!$C$3,11,0)) | M16: =COUNTIFS($C$6:$C$205,"<="&DATE(Einstellungen!$C$3,11,0),$D$6:$D$205,">"&DATE(Einstellungen!$C$3,11,0))+COUNTIFS($C$6:$C$205,"<="&DATE(Einstellungen!$C$3,11,0),$D$6:$D$205,"")
A17: 1012 | B17: Mitarbeiter 012 | C17: 46023 | D17: 46081 | E17: 40 | F17: =IF(E17="","",E17/5) | G17: =IF(B17="","",IF(C17>Einstellungen!$C$9,"künftig",IF(AND(D17<>"",D17<Einstellungen!$C$9),"ausgeschieden","aktiv"))) | H17: =IF(OR(B17="",E17=""),"",MAX(0,NETWORKDAYS(MAX(C17,DATE(Einstellungen!$C$3,1,1)),MIN(IF(D17="",DATE(Einstellungen!$C$3,12,31),D17),Einstellungen!$C$9),Einstellungen!$F$13:$F$32))*F17) | J17: =DATE(Einstellungen!$C$3,11,1) | K17: =COUNTIFS($C$6:$C$205,">="&J17,$C$6:$C$205,"<="&DATE(Einstellungen!$C$3,12,0)) | L17: =COUNTIFS($D$6:$D$205,">="&J17,$D$6:$D$205,"<="&DATE(Einstellungen!$C$3,12,0)) | M17: =COUNTIFS($C$6:$C$205,"<="&DATE(Einstellungen!$C$3,12,0),$D$6:$D$205,">"&DATE(Einstellungen!$C$3,12,0))+COUNTIFS($C$6:$C$205,"<="&DATE(Einstellungen!$C$3,12,0),$D$6:$D$205,"")
A18: 1013 | B18: Mitarbeiter 013 | C18: 46023 | D18: 46170 | E18: 40 | F18: =IF(E18="","",E18/5) | G18: =IF(B18="","",IF(C18>Einstellungen!$C$9,"künftig",IF(AND(D18<>"",D18<Einstellungen!$C$9),"ausgeschieden","aktiv"))) | H18: =IF(OR(B18="",E18=""),"",MAX(0,NETWORKDAYS(MAX(C18,DATE(Einstellungen!$C$3,1,1)),MIN(IF(D18="",DATE(Einstellungen!$C$3,12,31),D18),Einstellungen!$C$9),Einstellungen!$F$13:$F$32))*F18) | J18: =DATE(Einstellungen!$C$3,12,1) | K18: =COUNTIFS($C$6:$C$205,">="&J18,$C$6:$C$205,"<="&DATE(Einstellungen!$C$3,13,0)) | L18: =COUNTIFS($D$6:$D$205,">="&J18,$D$6:$D$205,"<="&DATE(Einstellungen!$C$3,13,0)) | M18: =COUNTIFS($C$6:$C$205,"<="&DATE(Einstellungen!$C$3,13,0),$D$6:$D$205,">"&DATE(Einstellungen!$C$3,13,0))+COUNTIFS($C$6:$C$205,"<="&DATE(Einstellungen!$C$3,13,0),$D$6:$D$205,"")
A19: 1014 | B19: Mitarbeiter 014 | C19: 46023 | E19: 40 | F19: =IF(E19="","",E19/5) | G19: =IF(B19="","",IF(C19>Einstellungen!$C$9,"künftig",IF(AND(D19<>"",D19<Einstellungen!$C$9),"ausgeschieden","aktiv"))) | H19: =IF(OR(B19="",E19=""),"",MAX(0,NETWORKDAYS(MAX(C19,DATE(Einstellungen!$C$3,1,1)),MIN(IF(D19="",DATE(Einstellungen!$C$3,12,31),D19),Einstellungen!$C$9),Einstellungen!$F$13:$F$32))*F19) | J19: Summe / Ø | K19: =SUM(K7:K18) | L19: =SUM(L7:L18) | M19: =AVERAGE(M6:M18)
A20: 1015 | B20: Mitarbeiter 015 | C20: 46023 | E20: 40 | F20: =IF(E20="","",E20/5) | G20: =IF(B20="","",IF(C20>Einstellungen!$C$9,"künftig",IF(AND(D20<>"",D20<Einstellungen!$C$9),"ausgeschieden","aktiv"))) | H20: =IF(OR(B20="",E20=""),"",MAX(0,NETWORKDAYS(MAX(C20,DATE(Einstellungen!$C$3,1,1)),MIN(IF(D20="",DATE(Einstellungen!$C$3,12,31),D20),Einstellungen!$C$9),Einstellungen!$F$13:$F$32))*F20)
A21: 1016 | B21: Mitarbeiter 016 | C21: 46023 | E21: 40 | F21: =IF(E21="","",E21/5) | G21: =IF(B21="","",IF(C21>Einstellungen!$C$9,"künftig",IF(AND(D21<>"",D21<Einstellungen!$C$9),"ausgeschieden","aktiv"))) | H21: =IF(OR(B21="",E21=""),"",MAX(0,NETWORKDAYS(MAX(C21,DATE(Einstellungen!$C$3,1,1)),MIN(IF(D21="",DATE(Einstellungen!$C$3,12,31),D21),Einstellungen!$C$9),Einstellungen!$F$13:$F$32))*F21) | J21: Fluktuationsquote (BDA) | M21: =IF(M19>0,L19/M19,0) | N21: Austritte ÷ Ø Personalbestand
A22: 1017 | B22: Mitarbeiter 017 | C22: 46023 | D22: 46170 | E22: 30 | F22: =IF(E22="","",E22/5) | G22: =IF(B22="","",IF(C22>Einstellungen!$C$9,"künftig",IF(AND(D22<>"",D22<Einstellungen!$C$9),"ausgeschieden","aktiv"))) | H22: =IF(OR(B22="",E22=""),"",MAX(0,NETWORKDAYS(MAX(C22,DATE(Einstellungen!$C$3,1,1)),MIN(IF(D22="",DATE(Einstellungen!$C$3,12,31),D22),Einstellungen!$C$9),Einstellungen!$F$13:$F$32))*F22) | J22: Aktive Mitarbeiter (Stichtag) | M22: =COUNTIF($G$6:$G$205,"aktiv")
A23: 1018 | B23: Mitarbeiter 018 | C23: 46023 | E23: 40 | F23: =IF(E23="","",E23/5) | G23: =IF(B23="","",IF(C23>Einstellungen!$C$9,"künftig",IF(AND(D23<>"",D23<Einstellungen!$C$9),"ausgeschieden","aktiv"))) | H23: =IF(OR(B23="",E23=""),"",MAX(0,NETWORKDAYS(MAX(C23,DATE(Einstellungen!$C$3,1,1)),MIN(IF(D23="",DATE(Einstellungen!$C$3,12,31),D23),Einstellungen!$C$9),Einstellungen!$F$13:$F$32))*F23) | J23: Ausgeschiedene gesamt | M23: =COUNTIF($G$6:$G$205,"ausgeschieden")
A24: 1019 | B24: Mitarbeiter 019 | C24: 46023 | E24: 40 | F24: =IF(E24="","",E24/5) | G24: =IF(B24="","",IF(C24>Einstellungen!$C$9,"künftig",IF(AND(D24<>"",D24<Einstellungen!$C$9),"ausgeschieden","aktiv"))) | H24: =IF(OR(B24="",E24=""),"",MAX(0,NETWORKDAYS(MAX(C24,DATE(Einstellungen!$C$3,1,1)),MIN(IF(D24="",DATE(Einstellungen!$C$3,12,31),D24),Einstellungen!$C$9),Einstellungen!$F$13:$F$32))*F24)
A25: 1020 | B25: Mitarbeiter 020 | C25: 46023 | E25: 40 | F25: =IF(E25="","",E25/5) | G25: =IF(B25="","",IF(C25>Einstellungen!$C$9,"künftig",IF(AND(D25<>"",D25<Einstellungen!$C$9),"ausgeschieden","aktiv"))) | H25: =IF(OR(B25="",E25=""),"",MAX(0,NETWORKDAYS(MAX(C25,DATE(Einstellungen!$C$3,1,1)),MIN(IF(D25="",DATE(Einstellungen!$C$3,12,31),D25),Einstellungen!$C$9),Einstellungen!$F$13:$F$32))*F25)
A26: 1021 | B26: Mitarbeiter 021 | C26: 46023 | E26: 20 | F26: =IF(E26="","",E26/5) | G26: =IF(B26="","",IF(C26>Einstellungen!$C$9,"künftig",IF(AND(D26<>"",D26<Einstellungen!$C$9),"ausgeschieden","aktiv"))) | H26: =IF(OR(B26="",E26=""),"",MAX(0,NETWORKDAYS(MAX(C26,DATE(Einstellungen!$C$3,1,1)),MIN(IF(D26="",DATE(Einstellungen!$C$3,12,31),D26),Einstellungen!$C$9),Einstellungen!$F$13:$F$32))*F26)
A27: 1022 | B27: Mitarbeiter 022 | C27: 46023 | E27: 20 | F27: =IF(E27="","",E27/5) | G27: =IF(B27="","",IF(C27>Einstellungen!$C$9,"künftig",IF(AND(D27<>"",D27<Einstellungen!$C$9),"ausgeschieden","aktiv"))) | H27: =IF(OR(B27="",E27=""),"",MAX(0,NETWORKDAYS(MAX(C27,DATE(Einstellungen!$C$3,1,1)),MIN(IF(D27="",DATE(Einstellungen!$C$3,12,31),D27),Einstellungen!$C$9),Einstellungen!$F$13:$F$32))*F27)
A28: 1023 | B28: Mitarbeiter 023 | C28: 46023 | E28: 40 | F28: =IF(E28="","",E28/5) | G28: =IF(B28="","",IF(C28>Einstellungen!$C$9,"künftig",IF(AND(D28<>"",D28<Einstellungen!$C$9),"ausgeschieden","aktiv"))) | H28: =IF(OR(B28="",E28=""),"",MAX(0,NETWORKDAYS(MAX(C28,DATE(Einstellungen!$C$3,1,1)),MIN(IF(D28="",DATE(Einstellungen!$C$3,12,31),D28),Einstellungen!$C$9),Einstellungen!$F$13:$F$32))*F28)
A29: 1024 | B29: Mitarbeiter 024 | C29: 46023 | D29: 46231 | E29: 40 | F29: =IF(E29="","",E29/5) | G29: =IF(B29="","",IF(C29>Einstellungen!$C$9,"künftig",IF(AND(D29<>"",D29<Einstellungen!$C$9),"ausgeschieden","aktiv"))) | H29: =IF(OR(B29="",E29=""),"",MAX(0,NETWORKDAYS(MAX(C29,DATE(Einstellungen!$C$3,1,1)),MIN(IF(D29="",DATE(Einstellungen!$C$3,12,31),D29),Einstellungen!$C$9),Einstellungen!$F$13:$F$32))*F29)
A30: 1025 | B30: Mitarbeiter 025 | C30: 46023 | E30: 40 | F30: =IF(E30="","",E30/5) | G30: =IF(B30="","",IF(C30>Einstellungen!$C$9,"künftig",IF(AND(D30<>"",D30<Einstellungen!$C$9),"ausgeschieden","aktiv"))) | H30: =IF(OR(B30="",E30=""),"",MAX(0,NETWORKDAYS(MAX(C30,DATE(Einstellungen!$C$3,1,1)),MIN(IF(D30="",DATE(Einstellungen!$C$3,12,31),D30),Einstellungen!$C$9),Einstellungen!$F$13:$F$32))*F30)
A31: 1026 | B31: Mitarbeiter 026 | C31: 46023 | D31: 46293 | E31: 40 | F31: =IF(E31="","",E31/5) | G31: =IF(B31="","",IF(C31>Einstellungen!$C$9,"künftig",IF(AND(D31<>"",D31<Einstellungen!$C$9),"ausgeschieden","aktiv"))) | H31: =IF(OR(B31="",E31=""),"",MAX(0,NETWORKDAYS(MAX(C31,DATE(Einstellungen!$C$3,1,1)),MIN(IF(D31="",DATE(Einstellungen!$C$3,12,31),D31),Einstellungen!$C$9),Einstellungen!$F$13:$F$32))*F31)
A32: 1027 | B32: Mitarbeiter 027 | C32: 46023 | D32: 46081 | E32: 40 | F32: =IF(E32="","",E32/5) | G32: =IF(B32="","",IF(C32>Einstellungen!$C$9,"künftig",IF(AND(D32<>"",D32<Einstellungen!$C$9),"ausgeschieden","aktiv"))) | H32: =IF(OR(B32="",E32=""),"",MAX(0,NETWORKDAYS(MAX(C32,DATE(Einstellungen!$C$3,1,1)),MIN(IF(D32="",DATE(Einstellungen!$C$3,12,31),D32),Einstellungen!$C$9),Einstellungen!$F$13:$F$32))*F32)
A33: 1028 | B33: Mitarbeiter 028 | C33: 46023 | E33: 40 | F33: =IF(E33="","",E33/5) | G33: =IF(B33="","",IF(C33>Einstellungen!$C$9,"künftig",IF(AND(D33<>"",D33<Einstellungen!$C$9),"ausgeschieden","aktiv"))) | H33: =IF(OR(B33="",E33=""),"",MAX(0,NETWORKDAYS(MAX(C33,DATE(Einstellungen!$C$3,1,1)),MIN(IF(D33="",DATE(Einstellungen!$C$3,12,31),D33),Einstellungen!$C$9),Einstellungen!$F$13:$F$32))*F33)
A34: 1029 | B34: Mitarbeiter 029 | C34: 46023 | E34: 30 | F34: =IF(E34="","",E34/5) | G34: =IF(B34="","",IF(C34>Einstellungen!$C$9,"künftig",IF(AND(D34<>"",D34<Einstellungen!$C$9),"ausgeschieden","aktiv"))) | H34: =IF(OR(B34="",E34=""),"",MAX(0,NETWORKDAYS(MAX(C34,DATE(Einstellungen!$C$3,1,1)),MIN(IF(D34="",DATE(Einstellungen!$C$3,12,31),D34),Einstellungen!$C$9),Einstellungen!$F$13:$F$32))*F34)
A35: 1030 | B35: Mitarbeiter 030 | C35: 46023 | E35: 20 | F35: =IF(E35="","",E35/5) | G35: =IF(B35="","",IF(C35>Einstellungen!$C$9,"künftig",IF(AND(D35<>"",D35<Einstellungen!$C$9),"ausgeschieden","aktiv"))) | H35: =IF(OR(B35="",E35=""),"",MAX(0,NETWORKDAYS(MAX(C35,DATE(Einstellungen!$C$3,1,1)),MIN(IF(D35="",DATE(Einstellungen!$C$3,12,31),D35),Einstellungen!$C$9),Einstellungen!$F$13:$F$32))*F35)
A36: 1031 | B36: Mitarbeiter 031 | C36: 46023 | E36: 30 | F36: =IF(E36="","",E36/5) | G36: =IF(B36="","",IF(C36>Einstellungen!$C$9,"künftig",IF(AND(D36<>"",D36<Einstellungen!$C$9),"ausgeschieden","aktiv"))) | H36: =IF(OR(B36="",E36=""),"",MAX(0,NETWORKDAYS(MAX(C36,DATE(Einstellungen!$C$3,1,1)),MIN(IF(D36="",DATE(Einstellungen!$C$3,12,31),D36),Einstellungen!$C$9),Einstellungen!$F$13:$F$32))*F36)
A37: 1032 | B37: Mitarbeiter 032 | C37: 46023 | D37: 46140 | E37: 20 | F37: =IF(E37="","",E37/5) | G37: =IF(B37="","",IF(C37>Einstellungen!$C$9,"künftig",IF(AND(D37<>"",D37<Einstellungen!$C$9),"ausgeschieden","aktiv"))) | H37: =IF(OR(B37="",E37=""),"",MAX(0,NETWORKDAYS(MAX(C37,DATE(Einstellungen!$C$3,1,1)),MIN(IF(D37="",DATE(Einstellungen!$C$3,12,31),D37),Einstellungen!$C$9),Einstellungen!$F$13:$F$32))*F37)
A38: 1033 | B38: Mitarbeiter 033 | C38: 46023 | E38: 40 | F38: =IF(E38="","",E38/5) | G38: =IF(B38="","",IF(C38>Einstellungen!$C$9,"künftig",IF(AND(D38<>"",D38<Einstellungen!$C$9),"ausgeschieden","aktiv"))) | H38: =IF(OR(B38="",E38=""),"",MAX(0,NETWORKDAYS(MAX(C38,DATE(Einstellungen!$C$3,1,1)),MIN(IF(D38="",DATE(Einstellungen!$C$3,12,31),D38),Einstellungen!$C$9),Einstellungen!$F$13:$F$32))*F38)
A39: 1034 | B39: Mitarbeiter 034 | C39: 46023 | D39: 46170 | E39: 30 | F39: =IF(E39="","",E39/5) | G39: =IF(B39="","",IF(C39>Einstellungen!$C$9,"künftig",IF(AND(D39<>"",D39<Einstellungen!$C$9),"ausgeschieden","aktiv"))) | H39: =IF(OR(B39="",E39=""),"",MAX(0,NETWORKDAYS(MAX(C39,DATE(Einstellungen!$C$3,1,1)),MIN(IF(D39="",DATE(Einstellungen!$C$3,12,31),D39),Einstellungen!$C$9),Einstellungen!$F$13:$F$32))*F39)
A40: 1035 | B40: Mitarbeiter 035 | C40: 46023 | E40: 40 | F40: =IF(E40="","",E40/5) | G40: =IF(B40="","",IF(C40>Einstellungen!$C$9,"künftig",IF(AND(D40<>"",D40<Einstellungen!$C$9),"ausgeschieden","aktiv"))) | H40: =IF(OR(B40="",E40=""),"",MAX(0,NETWORKDAYS(MAX(C40,DATE(Einstellungen!$C$3,1,1)),MIN(IF(D40="",DATE(Einstellungen!$C$3,12,31),D40),Einstellungen!$C$9),Einstellungen!$F$13:$F$32))*F40)
A41: 1036 | B41: Mitarbeiter 036 | C41: 46023 | E41: 40 | F41: =IF(E41="","",E41/5) | G41: =IF(B41="","",IF(C41>Einstellungen!$C$9,"künftig",IF(AND(D41<>"",D41<Einstellungen!$C$9),"ausgeschieden","aktiv"))) | H41: =IF(OR(B41="",E41=""),"",MAX(0,NETWORKDAYS(MAX(C41,DATE(Einstellungen!$C$3,1,1)),MIN(IF(D41="",DATE(Einstellungen!$C$3,12,31),D41),Einstellungen!$C$9),Einstellungen!$F$13:$F$32))*F41)
A42: 1037 | B42: Mitarbeiter 037 | C42: 46023 | E42: 40 | F42: =IF(E42="","",E42/5) | G42: =IF(B42="","",IF(C42>Einstellungen!$C$9,"künftig",IF(AND(D42<>"",D42<Einstellungen!$C$9),"ausgeschieden","aktiv"))) | H42: =IF(OR(B42="",E42=""),"",MAX(0,NETWORKDAYS(MAX(C42,DATE(Einstellungen!$C$3,1,1)),MIN(IF(D42="",DATE(Einstellungen!$C$3,12,31),D42),Einstellungen!$C$9),Einstellungen!$F$13:$F$32))*F42)
A43: 1038 | B43: Mitarbeiter 038 | C43: 46023 | E43: 40 | F43: =IF(E43="","",E43/5) | G43: =IF(B43="","",IF(C43>Einstellungen!$C$9,"künftig",IF(AND(D43<>"",D43<Einstellungen!$C$9),"ausgeschieden","aktiv"))) | H43: =IF(OR(B43="",E43=""),"",MAX(0,NETWORKDAYS(MAX(C43,DATE(Einstellungen!$C$3,1,1)),MIN(IF(D43="",DATE(Einstellungen!$C$3,12,31),D43),Einstellungen!$C$9),Einstellungen!$F$13:$F$32))*F43)
A44: 1039 | B44: Mitarbeiter 039 | C44: 46023 | E44: 40 | F44: =IF(E44="","",E44/5) | G44: =IF(B44="","",IF(C44>Einstellungen!$C$9,"künftig",IF(AND(D44<>"",D44<Einstellungen!$C$9),"ausgeschieden","aktiv"))) | H44: =IF(OR(B44="",E44=""),"",MAX(0,NETWORKDAYS(MAX(C44,DATE(Einstellungen!$C$3,1,1)),MIN(IF(D44="",DATE(Einstellungen!$C$3,12,31),D44),Einstellungen!$C$9),Einstellungen!$F$13:$F$32))*F44)
A45: 1040 | B45: Mitarbeiter 040 | C45: 46023 | E45: 40 | F45: =IF(E45="","",E45/5) | G45: =IF(B45="","",IF(C45>Einstellungen!$C$9,"künftig",IF(AND(D45<>"",D45<Einstellungen!$C$9),"ausgeschieden","aktiv"))) | H45: =IF(OR(B45="",E45=""),"",MAX(0,NETWORKDAYS(MAX(C45,DATE(Einstellungen!$C$3,1,1)),MIN(IF(D45="",DATE(Einstellungen!$C$3,12,31),D45),Einstellungen!$C$9),Einstellungen!$F$13:$F$32))*F45)
A46: 1041 | B46: Mitarbeiter 041 | C46: 46023 | D46: 46231 | E46: 40 | F46: =IF(E46="","",E46/5) | G46: =IF(B46="","",IF(C46>Einstellungen!$C$9,"künftig",IF(AND(D46<>"",D46<Einstellungen!$C$9),"ausgeschieden","aktiv"))) | H46: =IF(OR(B46="",E46=""),"",MAX(0,NETWORKDAYS(MAX(C46,DATE(Einstellungen!$C$3,1,1)),MIN(IF(D46="",DATE(Einstellungen!$C$3,12,31),D46),Einstellungen!$C$9),Einstellungen!$F$13:$F$32))*F46)
A47: 1042 | B47: Mitarbeiter 042 | C47: 46023 | E47: 20 | F47: =IF(E47="","",E47/5) | G47: =IF(B47="","",IF(C47>Einstellungen!$C$9,"künftig",IF(AND(D47<>"",D47<Einstellungen!$C$9),"ausgeschieden","aktiv"))) | H47: =IF(OR(B47="",E47=""),"",MAX(0,NETWORKDAYS(MAX(C47,DATE(Einstellungen!$C$3,1,1)),MIN(IF(D47="",DATE(Einstellungen!$C$3,12,31),D47),Einstellungen!$C$9),Einstellungen!$F$13:$F$32))*F47)
A48: 1043 | B48: Mitarbeiter 043 | C48: 46023 | D48: 46231 | E48: 40 | F48: =IF(E48="","",E48/5) | G48: =IF(B48="","",IF(C48>Einstellungen!$C$9,"künftig",IF(AND(D48<>"",D48<Einstellungen!$C$9),"ausgeschieden","aktiv"))) | H48: =IF(OR(B48="",E48=""),"",MAX(0,NETWORKDAYS(MAX(C48,DATE(Einstellungen!$C$3,1,1)),MIN(IF(D48="",DATE(Einstellungen!$C$3,12,31),D48),Einstellungen!$C$9),Einstellungen!$F$13:$F$32))*F48)
A49: 1044 | B49: Mitarbeiter 044 | C49: 46023 | D49: 46109 | E49: 40 | F49: =IF(E49="","",E49/5) | G49: =IF(B49="","",IF(C49>Einstellungen!$C$9,"künftig",IF(AND(D49<>"",D49<Einstellungen!$C$9),"ausgeschieden","aktiv"))) | H49: =IF(OR(B49="",E49=""),"",MAX(0,NETWORKDAYS(MAX(C49,DATE(Einstellungen!$C$3,1,1)),MIN(IF(D49="",DATE(Einstellungen!$C$3,12,31),D49),Einstellungen!$C$9),Einstellungen!$F$13:$F$32))*F49)
A50: 1045 | B50: Mitarbeiter 045 | C50: 46023 | E50: 40 | F50: =IF(E50="","",E50/5) | G50: =IF(B50="","",IF(C50>Einstellungen!$C$9,"künftig",IF(AND(D50<>"",D50<Einstellungen!$C$9),"ausgeschieden","aktiv"))) | H50: =IF(OR(B50="",E50=""),"",MAX(0,NETWORKDAYS(MAX(C50,DATE(Einstellungen!$C$3,1,1)),MIN(IF(D50="",DATE(Einstellungen!$C$3,12,31),D50),Einstellungen!$C$9),Einstellungen!$F$13:$F$32))*F50)
A51: 1046 | B51: Mitarbeiter 046 | C51: 46143 | D51: 46081 | E51: 40 | F51: =IF(E51="","",E51/5) | G51: =IF(B51="","",IF(C51>Einstellungen!$C$9,"künftig",IF(AND(D51<>"",D51<Einstellungen!$C$9),"ausgeschieden","aktiv"))) | H51: =IF(OR(B51="",E51=""),"",MAX(0,NETWORKDAYS(MAX(C51,DATE(Einstellungen!$C$3,1,1)),MIN(IF(D51="",DATE(Einstellungen!$C$3,12,31),D51),Einstellungen!$C$9),Einstellungen!$F$13:$F$32))*F51)
A52: 1047 | B52: Mitarbeiter 047 | C52: 46174 | E52: 30 | F52: =IF(E52="","",E52/5) | G52: =IF(B52="","",IF(C52>Einstellungen!$C$9,"künftig",IF(AND(D52<>"",D52<Einstellungen!$C$9),"ausgeschieden","aktiv"))) | H52: =IF(OR(B52="",E52=""),"",MAX(0,NETWORKDAYS(MAX(C52,DATE(Einstellungen!$C$3,1,1)),MIN(IF(D52="",DATE(Einstellungen!$C$3,12,31),D52),Einstellungen!$C$9),Einstellungen!$F$13:$F$32))*F52)
A53: 1048 | B53: Mitarbeiter 048 | C53: 46054 | D53: 46231 | E53: 40 | F53: =IF(E53="","",E53/5) | G53: =IF(B53="","",IF(C53>Einstellungen!$C$9,"künftig",IF(AND(D53<>"",D53<Einstellungen!$C$9),"ausgeschieden","aktiv"))) | H53: =IF(OR(B53="",E53=""),"",MAX(0,NETWORKDAYS(MAX(C53,DATE(Einstellungen!$C$3,1,1)),MIN(IF(D53="",DATE(Einstellungen!$C$3,12,31),D53),Einstellungen!$C$9),Einstellungen!$F$13:$F$32))*F53)
A54: 1049 | B54: Mitarbeiter 049 | C54: 46143 | E54: 40 | F54: =IF(E54="","",E54/5) | G54: =IF(B54="","",IF(C54>Einstellungen!$C$9,"künftig",IF(AND(D54<>"",D54<Einstellungen!$C$9),"ausgeschieden","aktiv"))) | H54: =IF(OR(B54="",E54=""),"",MAX(0,NETWORKDAYS(MAX(C54,DATE(Einstellungen!$C$3,1,1)),MIN(IF(D54="",DATE(Einstellungen!$C$3,12,31),D54),Einstellungen!$C$9),Einstellungen!$F$13:$F$32))*F54)
A55: 1050 | B55: Mitarbeiter 050 | C55: 46054 | E55: 40 | F55: =IF(E55="","",E55/5) | G55: =IF(B55="","",IF(C55>Einstellungen!$C$9,"künftig",IF(AND(D55<>"",D55<Einstellungen!$C$9),"ausgeschieden","aktiv"))) | H55: =IF(OR(B55="",E55=""),"",MAX(0,NETWORKDAYS(MAX(C55,DATE(Einstellungen!$C$3,1,1)),MIN(IF(D55="",DATE(Einstellungen!$C$3,12,31),D55),Einstellungen!$C$9),Einstellungen!$F$13:$F$32))*F55)
A56: 1051 | B56: Mitarbeiter 051 | C56: 46235 | E56: 40 | F56: =IF(E56="","",E56/5) | G56: =IF(B56="","",IF(C56>Einstellungen!$C$9,"künftig",IF(AND(D56<>"",D56<Einstellungen!$C$9),"ausgeschieden","aktiv"))) | H56: =IF(OR(B56="",E56=""),"",MAX(0,NETWORKDAYS(MAX(C56,DATE(Einstellungen!$C$3,1,1)),MIN(IF(D56="",DATE(Einstellungen!$C$3,12,31),D56),Einstellungen!$C$9),Einstellungen!$F$13:$F$32))*F56)
A57: 1052 | B57: Mitarbeiter 052 | C57: 46082 | E57: 20 | F57: =IF(E57="","",E57/5) | G57: =IF(B57="","",IF(C57>Einstellungen!$C$9,"künftig",IF(AND(D57<>"",D57<Einstellungen!$C$9),"ausgeschieden","aktiv"))) | H57: =IF(OR(B57="",E57=""),"",MAX(0,NETWORKDAYS(MAX(C57,DATE(Einstellungen!$C$3,1,1)),MIN(IF(D57="",DATE(Einstellungen!$C$3,12,31),D57),Einstellungen!$C$9),Einstellungen!$F$13:$F$32))*F57)
A58: 1053 | B58: Mitarbeiter 053 | C58: 46082 | E58: 30 | F58: =IF(E58="","",E58/5) | G58: =IF(B58="","",IF(C58>Einstellungen!$C$9,"künftig",IF(AND(D58<>"",D58<Einstellungen!$C$9),"ausgeschieden","aktiv"))) | H58: =IF(OR(B58="",E58=""),"",MAX(0,NETWORKDAYS(MAX(C58,DATE(Einstellungen!$C$3,1,1)),MIN(IF(D58="",DATE(Einstellungen!$C$3,12,31),D58),Einstellungen!$C$9),Einstellungen!$F$13:$F$32))*F58)
A59: 1054 | B59: Mitarbeiter 054 | C59: 46054 | D59: 46231 | E59: 40 | F59: =IF(E59="","",E59/5) | G59: =IF(B59="","",IF(C59>Einstellungen!$C$9,"künftig",IF(AND(D59<>"",D59<Einstellungen!$C$9),"ausgeschieden","aktiv"))) | H59: =IF(OR(B59="",E59=""),"",MAX(0,NETWORKDAYS(MAX(C59,DATE(Einstellungen!$C$3,1,1)),MIN(IF(D59="",DATE(Einstellungen!$C$3,12,31),D59),Einstellungen!$C$9),Einstellungen!$F$13:$F$32))*F59)
A60: 1055 | B60: Mitarbeiter 055 | C60: 46054 | E60: 40 | F60: =IF(E60="","",E60/5) | G60: =IF(B60="","",IF(C60>Einstellungen!$C$9,"künftig",IF(AND(D60<>"",D60<Einstellungen!$C$9),"ausgeschieden","aktiv"))) | H60: =IF(OR(B60="",E60=""),"",MAX(0,NETWORKDAYS(MAX(C60,DATE(Einstellungen!$C$3,1,1)),MIN(IF(D60="",DATE(Einstellungen!$C$3,12,31),D60),Einstellungen!$C$9),Einstellungen!$F$13:$F$32))*F60)
F61: =IF(E61="","",E61/5) | G61: =IF(B61="","",IF(C61>Einstellungen!$C$9,"künftig",IF(AND(D61<>"",D61<Einstellungen!$C$9),"ausgeschieden","aktiv"))) | H61: =IF(OR(B61="",E61=""),"",MAX(0,NETWORKDAYS(MAX(C61,DATE(Einstellungen!$C$3,1,1)),MIN(IF(D61="",DATE(Einstellungen!$C$3,12,31),D61),Einstellungen!$C$9),Einstellungen!$F$13:$F$32))*F61)
F62: =IF(E62="","",E62/5) | G62: =IF(B62="","",IF(C62>Einstellungen!$C$9,"künftig",IF(AND(D62<>"",D62<Einstellungen!$C$9),"ausgeschieden","aktiv"))) | H62: =IF(OR(B62="",E62=""),"",MAX(0,NETWORKDAYS(MAX(C62,DATE(Einstellungen!$C$3,1,1)),MIN(IF(D62="",DATE(Einstellungen!$C$3,12,31),D62),Einstellungen!$C$9),Einstellungen!$F$13:$F$32))*F62)
F63: =IF(E63="","",E63/5) | G63: =IF(B63="","",IF(C63>Einstellungen!$C$9,"künftig",IF(AND(D63<>"",D63<Einstellungen!$C$9),"ausgeschieden","aktiv"))) | H63: =IF(OR(B63="",E63=""),"",MAX(0,NETWORKDAYS(MAX(C63,DATE(Einstellungen!$C$3,1,1)),MIN(IF(D63="",DATE(Einstellungen!$C$3,12,31),D63),Einstellungen!$C$9),Einstellungen!$F$13:$F$32))*F63)
F64: =IF(E64="","",E64/5) | G64: =IF(B64="","",IF(C64>Einstellungen!$C$9,"künftig",IF(AND(D64<>"",D64<Einstellungen!$C$9),"ausgeschieden","aktiv"))) | H64: =IF(OR(B64="",E64=""),"",MAX(0,NETWORKDAYS(MAX(C64,DATE(Einstellungen!$C$3,1,1)),MIN(IF(D64="",DATE(Einstellungen!$C$3,12,31),D64),Einstellungen!$C$9),Einstellungen!$F$13:$F$32))*F64)
F65: =IF(E65="","",E65/5) | G65: =IF(B65="","",IF(C65>Einstellungen!$C$9,"künftig",IF(AND(D65<>"",D65<Einstellungen!$C$9),"ausgeschieden","aktiv"))) | H65: =IF(OR(B65="",E65=""),"",MAX(0,NETWORKDAYS(MAX(C65,DATE(Einstellungen!$C$3,1,1)),MIN(IF(D65="",DATE(Einstellungen!$C$3,12,31),D65),Einstellungen!$C$9),Einstellungen!$F$13:$F$32))*F65)
F66: =IF(E66="","",E66/5) | G66: =IF(B66="","",IF(C66>Einstellungen!$C$9,"künftig",IF(AND(D66<>"",D66<Einstellungen!$C$9),"ausgeschieden","aktiv"))) | H66: =IF(OR(B66="",E66=""),"",MAX(0,NETWORKDAYS(MAX(C66,DATE(Einstellungen!$C$3,1,1)),MIN(IF(D66="",DATE(Einstellungen!$C$3,12,31),D66),Einstellungen!$C$9),Einstellungen!$F$13:$F$32))*F66)
F67: =IF(E67="","",E67/5) | G67: =IF(B67="","",IF(C67>Einstellungen!$C$9,"künftig",IF(AND(D67<>"",D67<Einstellungen!$C$9),"ausgeschieden","aktiv"))) | H67: =IF(OR(B67="",E67=""),"",MAX(0,NETWORKDAYS(MAX(C67,DATE(Einstellungen!$C$3,1,1)),MIN(IF(D67="",DATE(Einstellungen!$C$3,12,31),D67),Einstellungen!$C$9),Einstellungen!$F$13:$F$32))*F67)
F68: =IF(E68="","",E68/5) | G68: =IF(B68="","",IF(C68>Einstellungen!$C$9,"künftig",IF(AND(D68<>"",D68<Einstellungen!$C$9),"ausgeschieden","aktiv"))) | H68: =IF(OR(B68="",E68=""),"",MAX(0,NETWORKDAYS(MAX(C68,DATE(Einstellungen!$C$3,1,1)),MIN(IF(D68="",DATE(Einstellungen!$C$3,12,31),D68),Einstellungen!$C$9),Einstellungen!$F$13:$F$32))*F68)
F69: =IF(E69="","",E69/5) | G69: =IF(B69="","",IF(C69>Einstellungen!$C$9,"künftig",IF(AND(D69<>"",D69<Einstellungen!$C$9),"ausgeschieden","aktiv"))) | H69: =IF(OR(B69="",E69=""),"",MAX(0,NETWORKDAYS(MAX(C69,DATE(Einstellungen!$C$3,1,1)),MIN(IF(D69="",DATE(Einstellungen!$C$3,12,31),D69),Einstellungen!$C$9),Einstellungen!$F$13:$F$32))*F69)
F70: =IF(E70="","",E70/5) | G70: =IF(B70="","",IF(C70>Einstellungen!$C$9,"künftig",IF(AND(D70<>"",D70<Einstellungen!$C$9),"ausgeschieden","aktiv"))) | H70: =IF(OR(B70="",E70=""),"",MAX(0,NETWORKDAYS(MAX(C70,DATE(Einstellungen!$C$3,1,1)),MIN(IF(D70="",DATE(Einstellungen!$C$3,12,31),D70),Einstellungen!$C$9),Einstellungen!$F$13:$F$32))*F70)
F71: =IF(E71="","",E71/5) | G71: =IF(B71="","",IF(C71>Einstellungen!$C$9,"künftig",IF(AND(D71<>"",D71<Einstellungen!$C$9),"ausgeschieden","aktiv"))) | H71: =IF(OR(B71="",E71=""),"",MAX(0,NETWORKDAYS(MAX(C71,DATE(Einstellungen!$C$3,1,1)),MIN(IF(D71="",DATE(Einstellungen!$C$3,12,31),D71),Einstellungen!$C$9),Einstellungen!$F$13:$F$32))*F71)
F72: =IF(E72="","",E72/5) | G72: =IF(B72="","",IF(C72>Einstellungen!$C$9,"künftig",IF(AND(D72<>"",D72<Einstellungen!$C$9),"ausgeschieden","aktiv"))) | H72: =IF(OR(B72="",E72=""),"",MAX(0,NETWORKDAYS(MAX(C72,DATE(Einstellungen!$C$3,1,1)),MIN(IF(D72="",DATE(Einstellungen!$C$3,12,31),D72),Einstellungen!$C$9),Einstellungen!$F$13:$F$32))*F72)
... F205: =IF(E205="","",E205/5) | G205: =IF(B205="","",IF(C205>Einstellungen!$C$9,"künftig",IF(AND(D205<>"",D205<Einstellungen!$C$9),"ausgeschieden","aktiv"))) | H205: =IF(OR(B205="",E205=""),"",MAX(0,NETWORKDAYS(MAX(C205,DATE(Einstellungen!$C$3,1,1)),MIN(IF(D205="",DATE(Einstellungen!$C$3,12,31),D205),Einstellungen!$C$9),Einstellungen!$F$13:$F$32))*F205)

Sheet Stunden Objekte
A1: Gesamtstunden je Objekt und Monat | G1: → Erklärung
A2: Nur die gelben Felder ausfüllen: Summe aller Stunden des Monats je Objekt (z. B. aus Dienstplan/Zeiterfassung). Ob Krankstunden enthalten sind, in den Einstellungen festlegen.
A4: Monat | B4: =Einstellungen!$C$4 | C4: =Einstellungen!$C$5 | D4: Summe
A5: Januar | B5: 3944 | C5: 4764 | D5: =SUM(B5:C5)
A6: Februar | B6: 3973 | C6: 4834 | D6: =SUM(B6:C6)
A7: März | B7: 4264 | C7: 4799 | D7: =SUM(B7:C7)
A8: April | B8: 4125 | C8: 4790 | D8: =SUM(B8:C8)
A9: Mai | B9: 4080 | C9: 4598 | D9: =SUM(B9:C9)
A10: Juni | B10: 4281 | C10: 4713 | D10: =SUM(B10:C10)
A11: Juli | B11: 3950 | C11: 4415 | D11: =SUM(B11:C11)
A12: August | B12: 4186 | C12: 4844 | D12: =SUM(B12:C12)
A13: September | B13: 3983 | C13: 4942 | D13: =SUM(B13:C13)
A14: Oktober | D14: =SUM(B14:C14)
A15: November | D15: =SUM(B15:C15)
A16: Dezember | D16: =SUM(B16:C16)
A17: Jahr | B17: =SUM(B5:B16) | C17: =SUM(C5:C16) | D17: =SUM(D5:D16)

Sheet Krankmeldungen
A1: Krankmeldungen | N1: → Erklärung
A2: Nur bei Krankheit eine Zeile: Pers.-Nr., Objekt, von, bis (wie AU-Bescheinigung). Bis leer = noch krank (zählt bis Stichtag). Arbeitstage (Mo–Fr ohne Feiertage) und Krankstunden rechnet die Datei. Beispiel: 517321 | Wickede | 02.03.2026 | 06.03.2026 → 5 Tage.
A5: Pers.-Nr. | B5: Name (auto) | C5: Objekt | D5: Krank von | E5: Krank bis | F5: Arbeitstage (auto) | G5: Krank- stunden (auto) | H5: Prüfung (auto) | J5: Bis eff. | K5: Std/Tag | L5: Tage Jan | M5: Tage Feb | N5: Tage Mär | O5: Tage Apr | P5: Tage Mai | Q5: Tage Jun | R5: Tage Jul | S5: Tage Aug | T5: Tage Sep | U5: Tage Okt | V5: Tage Nov | W5: Tage Dez | X5: Std Jan | Y5: Std Feb | Z5: Std Mär | AA5: Std Apr | AB5: Std Mai | AC5: Std Jun | AD5: Std Jul | AE5: Std Aug | AF5: Std Sep | AG5: Std Okt | AH5: Std Nov | AI5: Std Dez
A6: 1035 | B6: =IF(A6="","",IFERROR(INDEX(Mitarbeiter!$B$6:$B$205,MATCH($A6,Mitarbeiter!$A$6:$A$205,0)),"?")) | C6: Objekt 2 | D6: 46025 | E6: 46027 | F6: =IF(A6="","",SUM(L6:W6)) | G6: =IF(A6="","",SUM(X6:AI6)) | H6: =IF(A6="","",IF(ISNA(MATCH(A6,Mitarbeiter!$A$6:$A$205,0)),"Pers.-Nr. unbekannt",IF(D6="","Von fehlt",IF(AND(C6<>Einstellungen!$C$4,C6<>Einstellungen!$C$5),"Objekt fehlt",IF(J6<D6,"Bis vor Von",IF(D6<INDEX(Mitarbeiter!$C$6:$C$205,MATCH($A6,Mitarbeiter!$A$6:$A$205,0)),"vor Eintritt",IF(AND(INDEX(Mitarbeiter!$D$6:$D$205,MATCH($A6,Mitarbeiter!$A$6:$A$205,0))<>"",D6>INDEX(Mitarbeiter!$D$6:$D$205,MATCH($A6,Mitarbeiter!$A$6:$A$205,0))),"nach Austritt",IF(E6="","offen","ok")))))))) | J6: =IF(A6="","",IF(E6="",Einstellungen!$C$9,E6)) | K6: =IF(A6="",0,IFERROR(INDEX(Mitarbeiter!$F$6:$F$205,MATCH($A6,Mitarbeiter!$A$6:$A$205,0)),0)) | L6: =IF(OR(A6="",D6=""),0,MAX(0,NETWORKDAYS(MAX(D6,DATE(Einstellungen!$C$3,1,1)),MIN(J6,DATE(Einstellungen!$C$3,2,0)),Einstellungen!$F$13:$F$32))) | M6: =IF(OR(A6="",D6=""),0,MAX(0,NETWORKDAYS(MAX(D6,DATE(Einstellungen!$C$3,2,1)),MIN(J6,DATE(Einstellungen!$C$3,3,0)),Einstellungen!$F$13:$F$32))) | N6: =IF(OR(A6="",D6=""),0,MAX(0,NETWORKDAYS(MAX(D6,DATE(Einstellungen!$C$3,3,1)),MIN(J6,DATE(Einstellungen!$C$3,4,0)),Einstellungen!$F$13:$F$32))) | O6: =IF(OR(A6="",D6=""),0,MAX(0,NETWORKDAYS(MAX(D6,DATE(Einstellungen!$C$3,4,1)),MIN(J6,DATE(Einstellungen!$C$3,5,0)),Einstellungen!$F$13:$F$32))) | P6: =IF(OR(A6="",D6=""),0,MAX(0,NETWORKDAYS(MAX(D6,DATE(Einstellungen!$C$3,5,1)),MIN(J6,DATE(Einstellungen!$C$3,6,0)),Einstellungen!$F$13:$F$32))) | Q6: =IF(OR(A6="",D6=""),0,MAX(0,NETWORKDAYS(MAX(D6,DATE(Einstellungen!$C$3,6,1)),MIN(J6,DATE(Einstellungen!$C$3,7,0)),Einstellungen!$F$13:$F$32))) | R6: =IF(OR(A6="",D6=""),0,MAX(0,NETWORKDAYS(MAX(D6,DATE(Einstellungen!$C$3,7,1)),MIN(J6,DATE(Einstellungen!$C$3,8,0)),Einstellungen!$F$13:$F$32))) | S6: =IF(OR(A6="",D6=""),0,MAX(0,NETWORKDAYS(MAX(D6,DATE(Einstellungen!$C$3,8,1)),MIN(J6,DATE(Einstellungen!$C$3,9,0)),Einstellungen!$F$13:$F$32))) | T6: =IF(OR(A6="",D6=""),0,MAX(0,NETWORKDAYS(MAX(D6,DATE(Einstellungen!$C$3,9,1)),MIN(J6,DATE(Einstellungen!$C$3,10,0)),Einstellungen!$F$13:$F$32))) | U6: =IF(OR(A6="",D6=""),0,MAX(0,NETWORKDAYS(MAX(D6,DATE(Einstellungen!$C$3,10,1)),MIN(J6,DATE(Einstellungen!$C$3,11,0)),Einstellungen!$F$13:$F$32))) | V6: =IF(OR(A6="",D6=""),0,MAX(0,NETWORKDAYS(MAX(D6,DATE(Einstellungen!$C$3,11,1)),MIN(J6,DATE(Einstellungen!$C$3,12,0)),Einstellungen!$F$13:$F$32))) | W6: =IF(OR(A6="",D6=""),0,MAX(0,NETWORKDAYS(MAX(D6,DATE(Einstellungen!$C$3,12,1)),MIN(J6,DATE(Einstellungen!$C$3,13,0)),Einstellungen!$F$13:$F$32))) | X6: =L6*K6 | Y6: =M6*K6 | Z6: =N6*K6 | AA6: =O6*K6 | AB6: =P6*K6 | AC6: =Q6*K6 | AD6: =R6*K6 | AE6: =S6*K6 | AF6: =T6*K6 | AG6: =U6*K6 | AH6: =V6*K6 | AI6: =W6*K6
A7: 1006 | B7: =IF(A7="","",IFERROR(INDEX(Mitarbeiter!$B$6:$B$205,MATCH($A7,Mitarbeiter!$A$6:$A$205,0)),"?")) | C7: Objekt 2 | D7: 46025 | E7: 46026 | F7: =IF(A7="","",SUM(L7:W7)) | G7: =IF(A7="","",SUM(X7:AI7)) | H7: =IF(A7="","",IF(ISNA(MATCH(A7,Mitarbeiter!$A$6:$A$205,0)),"Pers.-Nr. unbekannt",IF(D7="","Von fehlt",IF(AND(C7<>Einstellungen!$C$4,C7<>Einstellungen!$C$5),"Objekt fehlt",IF(J7<D7,"Bis vor Von",IF(D7<INDEX(Mitarbeiter!$C$6:$C$205,MATCH($A7,Mitarbeiter!$A$6:$A$205,0)),"vor Eintritt",IF(AND(INDEX(Mitarbeiter!$D$6:$D$205,MATCH($A7,Mitarbeiter!$A$6:$A$205,0))<>"",D7>INDEX(Mitarbeiter!$D$6:$D$205,MATCH($A7,Mitarbeiter!$A$6:$A$205,0))),"nach Austritt",IF(E7="","offen","ok")))))))) | J7: =IF(A7="","",IF(E7="",Einstellungen!$C$9,E7)) | K7: =IF(A7="",0,IFERROR(INDEX(Mitarbeiter!$F$6:$F$205,MATCH($A7,Mitarbeiter!$A$6:$A$205,0)),0)) | L7: =IF(OR(A7="",D7=""),0,MAX(0,NETWORKDAYS(MAX(D7,DATE(Einstellungen!$C$3,1,1)),MIN(J7,DATE(Einstellungen!$C$3,2,0)),Einstellungen!$F$13:$F$32))) | M7: =IF(OR(A7="",D7=""),0,MAX(0,NETWORKDAYS(MAX(D7,DATE(Einstellungen!$C$3,2,1)),MIN(J7,DATE(Einstellungen!$C$3,3,0)),Einstellungen!$F$13:$F$32))) | N7: =IF(OR(A7="",D7=""),0,MAX(0,NETWORKDAYS(MAX(D7,DATE(Einstellungen!$C$3,3,1)),MIN(J7,DATE(Einstellungen!$C$3,4,0)),Einstellungen!$F$13:$F$32))) | O7: =IF(OR(A7="",D7=""),0,MAX(0,NETWORKDAYS(MAX(D7,DATE(Einstellungen!$C$3,4,1)),MIN(J7,DATE(Einstellungen!$C$3,5,0)),Einstellungen!$F$13:$F$32))) | P7: =IF(OR(A7="",D7=""),0,MAX(0,NETWORKDAYS(MAX(D7,DATE(Einstellungen!$C$3,5,1)),MIN(J7,DATE(Einstellungen!$C$3,6,0)),Einstellungen!$F$13:$F$32))) | Q7: =IF(OR(A7="",D7=""),0,MAX(0,NETWORKDAYS(MAX(D7,DATE(Einstellungen!$C$3,6,1)),MIN(J7,DATE(Einstellungen!$C$3,7,0)),Einstellungen!$F$13:$F$32))) | R7: =IF(OR(A7="",D7=""),0,MAX(0,NETWORKDAYS(MAX(D7,DATE(Einstellungen!$C$3,7,1)),MIN(J7,DATE(Einstellungen!$C$3,8,0)),Einstellungen!$F$13:$F$32))) | S7: =IF(OR(A7="",D7=""),0,MAX(0,NETWORKDAYS(MAX(D7,DATE(Einstellungen!$C$3,8,1)),MIN(J7,DATE(Einstellungen!$C$3,9,0)),Einstellungen!$F$13:$F$32))) | T7: =IF(OR(A7="",D7=""),0,MAX(0,NETWORKDAYS(MAX(D7,DATE(Einstellungen!$C$3,9,1)),MIN(J7,DATE(Einstellungen!$C$3,10,0)),Einstellungen!$F$13:$F$32))) | U7: =IF(OR(A7="",D7=""),0,MAX(0,NETWORKDAYS(MAX(D7,DATE(Einstellungen!$C$3,10,1)),MIN(J7,DATE(Einstellungen!$C$3,11,0)),Einstellungen!$F$13:$F$32))) | V7: =IF(OR(A7="",D7=""),0,MAX(0,NETWORKDAYS(MAX(D7,DATE(Einstellungen!$C$3,11,1)),MIN(J7,DATE(Einstellungen!$C$3,12,0)),Einstellungen!$F$13:$F$32))) | W7: =IF(OR(A7="",D7=""),0,MAX(0,NETWORKDAYS(MAX(D7,DATE(Einstellungen!$C$3,12,1)),MIN(J7,DATE(Einstellungen!$C$3,13,0)),Einstellungen!$F$13:$F$32))) | X7: =L7*K7 | Y7: =M7*K7 | Z7: =N7*K7 | AA7: =O7*K7 | AB7: =P7*K7 | AC7: =Q7*K7 | AD7: =R7*K7 | AE7: =S7*K7 | AF7: =T7*K7 | AG7: =U7*K7 | AH7: =V7*K7 | AI7: =W7*K7
A8: 1002 | B8: =IF(A8="","",IFERROR(INDEX(Mitarbeiter!$B$6:$B$205,MATCH($A8,Mitarbeiter!$A$6:$A$205,0)),"?")) | C8: Objekt 1 | D8: 46026 | E8: 46026 | F8: =IF(A8="","",SUM(L8:W8)) | G8: =IF(A8="","",SUM(X8:AI8)) | H8: =IF(A8="","",IF(ISNA(MATCH(A8,Mitarbeiter!$A$6:$A$205,0)),"Pers.-Nr. unbekannt",IF(D8="","Von fehlt",IF(AND(C8<>Einstellungen!$C$4,C8<>Einstellungen!$C$5),"Objekt fehlt",IF(J8<D8,"Bis vor Von",IF(D8<INDEX(Mitarbeiter!$C$6:$C$205,MATCH($A8,Mitarbeiter!$A$6:$A$205,0)),"vor Eintritt",IF(AND(INDEX(Mitarbeiter!$D$6:$D$205,MATCH($A8,Mitarbeiter!$A$6:$A$205,0))<>"",D8>INDEX(Mitarbeiter!$D$6:$D$205,MATCH($A8,Mitarbeiter!$A$6:$A$205,0))),"nach Austritt",IF(E8="","offen","ok")))))))) | J8: =IF(A8="","",IF(E8="",Einstellungen!$C$9,E8)) | K8: =IF(A8="",0,IFERROR(INDEX(Mitarbeiter!$F$6:$F$205,MATCH($A8,Mitarbeiter!$A$6:$A$205,0)),0)) | L8: =IF(OR(A8="",D8=""),0,MAX(0,NETWORKDAYS(MAX(D8,DATE(Einstellungen!$C$3,1,1)),MIN(J8,DATE(Einstellungen!$C$3,2,0)),Einstellungen!$F$13:$F$32))) | M8: =IF(OR(A8="",D8=""),0,MAX(0,NETWORKDAYS(MAX(D8,DATE(Einstellungen!$C$3,2,1)),MIN(J8,DATE(Einstellungen!$C$3,3,0)),Einstellungen!$F$13:$F$32))) | N8: =IF(OR(A8="",D8=""),0,MAX(0,NETWORKDAYS(MAX(D8,DATE(Einstellungen!$C$3,3,1)),MIN(J8,DATE(Einstellungen!$C$3,4,0)),Einstellungen!$F$13:$F$32))) | O8: =IF(OR(A8="",D8=""),0,MAX(0,NETWORKDAYS(MAX(D8,DATE(Einstellungen!$C$3,4,1)),MIN(J8,DATE(Einstellungen!$C$3,5,0)),Einstellungen!$F$13:$F$32))) | P8: =IF(OR(A8="",D8=""),0,MAX(0,NETWORKDAYS(MAX(D8,DATE(Einstellungen!$C$3,5,1)),MIN(J8,DATE(Einstellungen!$C$3,6,0)),Einstellungen!$F$13:$F$32))) | Q8: =IF(OR(A8="",D8=""),0,MAX(0,NETWORKDAYS(MAX(D8,DATE(Einstellungen!$C$3,6,1)),MIN(J8,DATE(Einstellungen!$C$3,7,0)),Einstellungen!$F$13:$F$32))) | R8: =IF(OR(A8="",D8=""),0,MAX(0,NETWORKDAYS(MAX(D8,DATE(Einstellungen!$C$3,7,1)),MIN(J8,DATE(Einstellungen!$C$3,8,0)),Einstellungen!$F$13:$F$32))) | S8: =IF(OR(A8="",D8=""),0,MAX(0,NETWORKDAYS(MAX(D8,DATE(Einstellungen!$C$3,8,1)),MIN(J8,DATE(Einstellungen!$C$3,9,0)),Einstellungen!$F$13:$F$32))) | T8: =IF(OR(A8="",D8=""),0,MAX(0,NETWORKDAYS(MAX(D8,DATE(Einstellungen!$C$3,9,1)),MIN(J8,DATE(Einstellungen!$C$3,10,0)),Einstellungen!$F$13:$F$32))) | U8: =IF(OR(A8="",D8=""),0,MAX(0,NETWORKDAYS(MAX(D8,DATE(Einstellungen!$C$3,10,1)),MIN(J8,DATE(Einstellungen!$C$3,11,0)),Einstellungen!$F$13:$F$32))) | V8: =IF(OR(A8="",D8=""),0,MAX(0,NETWORKDAYS(MAX(D8,DATE(Einstellungen!$C$3,11,1)),MIN(J8,DATE(Einstellungen!$C$3,12,0)),Einstellungen!$F$13:$F$32))) | W8: =IF(OR(A8="",D8=""),0,MAX(0,NETWORKDAYS(MAX(D8,DATE(Einstellungen!$C$3,12,1)),MIN(J8,DATE(Einstellungen!$C$3,13,0)),Einstellungen!$F$13:$F$32))) | X8: =L8*K8 | Y8: =M8*K8 | Z8: =N8*K8 | AA8: =O8*K8 | AB8: =P8*K8 | AC8: =Q8*K8 | AD8: =R8*K8 | AE8: =S8*K8 | AF8: =T8*K8 | AG8: =U8*K8 | AH8: =V8*K8 | AI8: =W8*K8
A9: 1024 | B9: =IF(A9="","",IFERROR(INDEX(Mitarbeiter!$B$6:$B$205,MATCH($A9,Mitarbeiter!$A$6:$A$205,0)),"?")) | C9: Objekt 2 | D9: 46027 | E9: 46031 | F9: =IF(A9="","",SUM(L9:W9)) | G9: =IF(A9="","",SUM(X9:AI9)) | H9: =IF(A9="","",IF(ISNA(MATCH(A9,Mitarbeiter!$A$6:$A$205,0)),"Pers.-Nr. unbekannt",IF(D9="","Von fehlt",IF(AND(C9<>Einstellungen!$C$4,C9<>Einstellungen!$C$5),"Objekt fehlt",IF(J9<D9,"Bis vor Von",IF(D9<INDEX(Mitarbeiter!$C$6:$C$205,MATCH($A9,Mitarbeiter!$A$6:$A$205,0)),"vor Eintritt",IF(AND(INDEX(Mitarbeiter!$D$6:$D$205,MATCH($A9,Mitarbeiter!$A$6:$A$205,0))<>"",D9>INDEX(Mitarbeiter!$D$6:$D$205,MATCH($A9,Mitarbeiter!$A$6:$A$205,0))),"nach Austritt",IF(E9="","offen","ok")))))))) | J9: =IF(A9="","",IF(E9="",Einstellungen!$C$9,E9)) | K9: =IF(A9="",0,IFERROR(INDEX(Mitarbeiter!$F$6:$F$205,MATCH($A9,Mitarbeiter!$A$6:$A$205,0)),0)) | L9: =IF(OR(A9="",D9=""),0,MAX(0,NETWORKDAYS(MAX(D9,DATE(Einstellungen!$C$3,1,1)),MIN(J9,DATE(Einstellungen!$C$3,2,0)),Einstellungen!$F$13:$F$32))) | M9: =IF(OR(A9="",D9=""),0,MAX(0,NETWORKDAYS(MAX(D9,DATE(Einstellungen!$C$3,2,1)),MIN(J9,DATE(Einstellungen!$C$3,3,0)),Einstellungen!$F$13:$F$32))) | N9: =IF(OR(A9="",D9=""),0,MAX(0,NETWORKDAYS(MAX(D9,DATE(Einstellungen!$C$3,3,1)),MIN(J9,DATE(Einstellungen!$C$3,4,0)),Einstellungen!$F$13:$F$32))) | O9: =IF(OR(A9="",D9=""),0,MAX(0,NETWORKDAYS(MAX(D9,DATE(Einstellungen!$C$3,4,1)),MIN(J9,DATE(Einstellungen!$C$3,5,0)),Einstellungen!$F$13:$F$32))) | P9: =IF(OR(A9="",D9=""),0,MAX(0,NETWORKDAYS(MAX(D9,DATE(Einstellungen!$C$3,5,1)),MIN(J9,DATE(Einstellungen!$C$3,6,0)),Einstellungen!$F$13:$F$32))) | Q9: =IF(OR(A9="",D9=""),0,MAX(0,NETWORKDAYS(MAX(D9,DATE(Einstellungen!$C$3,6,1)),MIN(J9,DATE(Einstellungen!$C$3,7,0)),Einstellungen!$F$13:$F$32))) | R9: =IF(OR(A9="",D9=""),0,MAX(0,NETWORKDAYS(MAX(D9,DATE(Einstellungen!$C$3,7,1)),MIN(J9,DATE(Einstellungen!$C$3,8,0)),Einstellungen!$F$13:$F$32))) | S9: =IF(OR(A9="",D9=""),0,MAX(0,NETWORKDAYS(MAX(D9,DATE(Einstellungen!$C$3,8,1)),MIN(J9,DATE(Einstellungen!$C$3,9,0)),Einstellungen!$F$13:$F$32))) | T9: =IF(OR(A9="",D9=""),0,MAX(0,NETWORKDAYS(MAX(D9,DATE(Einstellungen!$C$3,9,1)),MIN(J9,DATE(Einstellungen!$C$3,10,0)),Einstellungen!$F$13:$F$32))) | U9: =IF(OR(A9="",D9=""),0,MAX(0,NETWORKDAYS(MAX(D9,DATE(Einstellungen!$C$3,10,1)),MIN(J9,DATE(Einstellungen!$C$3,11,0)),Einstellungen!$F$13:$F$32))) | V9: =IF(OR(A9="",D9=""),0,MAX(0,NETWORKDAYS(MAX(D9,DATE(Einstellungen!$C$3,11,1)),MIN(J9,DATE(Einstellungen!$C$3,12,0)),Einstellungen!$F$13:$F$32))) | W9: =IF(OR(A9="",D9=""),0,MAX(0,NETWORKDAYS(MAX(D9,DATE(Einstellungen!$C$3,12,1)),MIN(J9,DATE(Einstellungen!$C$3,13,0)),Einstellungen!$F$13:$F$32))) | X9: =L9*K9 | Y9: =M9*K9 | Z9: =N9*K9 | AA9: =O9*K9 | AB9: =P9*K9 | AC9: =Q9*K9 | AD9: =R9*K9 | AE9: =S9*K9 | AF9: =T9*K9 | AG9: =U9*K9 | AH9: =V9*K9 | AI9: =W9*K9
A10: 1005 | B10: =IF(A10="","",IFERROR(INDEX(Mitarbeiter!$B$6:$B$205,MATCH($A10,Mitarbeiter!$A$6:$A$205,0)),"?")) | C10: Objekt 1 | D10: 46033 | E10: 46046 | F10: =IF(A10="","",SUM(L10:W10)) | G10: =IF(A10="","",SUM(X10:AI10)) | H10: =IF(A10="","",IF(ISNA(MATCH(A10,Mitarbeiter!$A$6:$A$205,0)),"Pers.-Nr. unbekannt",IF(D10="","Von fehlt",IF(AND(C10<>Einstellungen!$C$4,C10<>Einstellungen!$C$5),"Objekt fehlt",IF(J10<D10,"Bis vor Von",IF(D10<INDEX(Mitarbeiter!$C$6:$C$205,MATCH($A10,Mitarbeiter!$A$6:$A$205,0)),"vor Eintritt",IF(AND(INDEX(Mitarbeiter!$D$6:$D$205,MATCH($A10,Mitarbeiter!$A$6:$A$205,0))<>"",D10>INDEX(Mitarbeiter!$D$6:$D$205,MATCH($A10,Mitarbeiter!$A$6:$A$205,0))),"nach Austritt",IF(E10="","offen","ok")))))))) | J10: =IF(A10="","",IF(E10="",Einstellungen!$C$9,E10)) | K10: =IF(A10="",0,IFERROR(INDEX(Mitarbeiter!$F$6:$F$205,MATCH($A10,Mitarbeiter!$A$6:$A$205,0)),0)) | L10: =IF(OR(A10="",D10=""),0,MAX(0,NETWORKDAYS(MAX(D10,DATE(Einstellungen!$C$3,1,1)),MIN(J10,DATE(Einstellungen!$C$3,2,0)),Einstellungen!$F$13:$F$32))) | M10: =IF(OR(A10="",D10=""),0,MAX(0,NETWORKDAYS(MAX(D10,DATE(Einstellungen!$C$3,2,1)),MIN(J10,DATE(Einstellungen!$C$3,3,0)),Einstellungen!$F$13:$F$32))) | N10: =IF(OR(A10="",D10=""),0,MAX(0,NETWORKDAYS(MAX(D10,DATE(Einstellungen!$C$3,3,1)),MIN(J10,DATE(Einstellungen!$C$3,4,0)),Einstellungen!$F$13:$F$32))) | O10: =IF(OR(A10="",D10=""),0,MAX(0,NETWORKDAYS(MAX(D10,DATE(Einstellungen!$C$3,4,1)),MIN(J10,DATE(Einstellungen!$C$3,5,0)),Einstellungen!$F$13:$F$32))) | P10: =IF(OR(A10="",D10=""),0,MAX(0,NETWORKDAYS(MAX(D10,DATE(Einstellungen!$C$3,5,1)),MIN(J10,DATE(Einstellungen!$C$3,6,0)),Einstellungen!$F$13:$F$32))) | Q10: =IF(OR(A10="",D10=""),0,MAX(0,NETWORKDAYS(MAX(D10,DATE(Einstellungen!$C$3,6,1)),MIN(J10,DATE(Einstellungen!$C$3,7,0)),Einstellungen!$F$13:$F$32))) | R10: =IF(OR(A10="",D10=""),0,MAX(0,NETWORKDAYS(MAX(D10,DATE(Einstellungen!$C$3,7,1)),MIN(J10,DATE(Einstellungen!$C$3,8,0)),Einstellungen!$F$13:$F$32))) | S10: =IF(OR(A10="",D10=""),0,MAX(0,NETWORKDAYS(MAX(D10,DATE(Einstellungen!$C$3,8,1)),MIN(J10,DATE(Einstellungen!$C$3,9,0)),Einstellungen!$F$13:$F$32))) | T10: =IF(OR(A10="",D10=""),0,MAX(0,NETWORKDAYS(MAX(D10,DATE(Einstellungen!$C$3,9,1)),MIN(J10,DATE(Einstellungen!$C$3,10,0)),Einstellungen!$F$13:$F$32))) | U10: =IF(OR(A10="",D10=""),0,MAX(0,NETWORKDAYS(MAX(D10,DATE(Einstellungen!$C$3,10,1)),MIN(J10,DATE(Einstellungen!$C$3,11,0)),Einstellungen!$F$13:$F$32))) | V10: =IF(OR(A10="",D10=""),0,MAX(0,NETWORKDAYS(MAX(D10,DATE(Einstellungen!$C$3,11,1)),MIN(J10,DATE(Einstellungen!$C$3,12,0)),Einstellungen!$F$13:$F$32))) | W10: =IF(OR(A10="",D10=""),0,MAX(0,NETWORKDAYS(MAX(D10,DATE(Einstellungen!$C$3,12,1)),MIN(J10,DATE(Einstellungen!$C$3,13,0)),Einstellungen!$F$13:$F$32))) | X10: =L10*K10 | Y10: =M10*K10 | Z10: =N10*K10 | AA10: =O10*K10 | AB10: =P10*K10 | AC10: =Q10*K10 | AD10: =R10*K10 | AE10: =S10*K10 | AF10: =T10*K10 | AG10: =U10*K10 | AH10: =V10*K10 | AI10: =W10*K10
A11: 1043 | B11: =IF(A11="","",IFERROR(INDEX(Mitarbeiter!$B$6:$B$205,MATCH($A11,Mitarbeiter!$A$6:$A$205,0)),"?")) | C11: Objekt 2 | D11: 46035 | E11: 46036 | F11: =IF(A11="","",SUM(L11:W11)) | G11: =IF(A11="","",SUM(X11:AI11)) | H11: =IF(A11="","",IF(ISNA(MATCH(A11,Mitarbeiter!$A$6:$A$205,0)),"Pers.-Nr. unbekannt",IF(D11="","Von fehlt",IF(AND(C11<>Einstellungen!$C$4,C11<>Einstellungen!$C$5),"Objekt fehlt",IF(J11<D11,"Bis vor Von",IF(D11<INDEX(Mitarbeiter!$C$6:$C$205,MATCH($A11,Mitarbeiter!$A$6:$A$205,0)),"vor Eintritt",IF(AND(INDEX(Mitarbeiter!$D$6:$D$205,MATCH($A11,Mitarbeiter!$A$6:$A$205,0))<>"",D11>INDEX(Mitarbeiter!$D$6:$D$205,MATCH($A11,Mitarbeiter!$A$6:$A$205,0))),"nach Austritt",IF(E11="","offen","ok")))))))) | J11: =IF(A11="","",IF(E11="",Einstellungen!$C$9,E11)) | K11: =IF(A11="",0,IFERROR(INDEX(Mitarbeiter!$F$6:$F$205,MATCH($A11,Mitarbeiter!$A$6:$A$205,0)),0)) | L11: =IF(OR(A11="",D11=""),0,MAX(0,NETWORKDAYS(MAX(D11,DATE(Einstellungen!$C$3,1,1)),MIN(J11,DATE(Einstellungen!$C$3,2,0)),Einstellungen!$F$13:$F$32))) | M11: =IF(OR(A11="",D11=""),0,MAX(0,NETWORKDAYS(MAX(D11,DATE(Einstellungen!$C$3,2,1)),MIN(J11,DATE(Einstellungen!$C$3,3,0)),Einstellungen!$F$13:$F$32))) | N11: =IF(OR(A11="",D11=""),0,MAX(0,NETWORKDAYS(MAX(D11,DATE(Einstellungen!$C$3,3,1)),MIN(J11,DATE(Einstellungen!$C$3,4,0)),Einstellungen!$F$13:$F$32))) | O11: =IF(OR(A11="",D11=""),0,MAX(0,NETWORKDAYS(MAX(D11,DATE(Einstellungen!$C$3,4,1)),MIN(J11,DATE(Einstellungen!$C$3,5,0)),Einstellungen!$F$13:$F$32))) | P11: =IF(OR(A11="",D11=""),0,MAX(0,NETWORKDAYS(MAX(D11,DATE(Einstellungen!$C$3,5,1)),MIN(J11,DATE(Einstellungen!$C$3,6,0)),Einstellungen!$F$13:$F$32))) | Q11: =IF(OR(A11="",D11=""),0,MAX(0,NETWORKDAYS(MAX(D11,DATE(Einstellungen!$C$3,6,1)),MIN(J11,DATE(Einstellungen!$C$3,7,0)),Einstellungen!$F$13:$F$32))) | R11: =IF(OR(A11="",D11=""),0,MAX(0,NETWORKDAYS(MAX(D11,DATE(Einstellungen!$C$3,7,1)),MIN(J11,DATE(Einstellungen!$C$3,8,0)),Einstellungen!$F$13:$F$32))) | S11: =IF(OR(A11="",D11=""),0,MAX(0,NETWORKDAYS(MAX(D11,DATE(Einstellungen!$C$3,8,1)),MIN(J11,DATE(Einstellungen!$C$3,9,0)),Einstellungen!$F$13:$F$32))) | T11: =IF(OR(A11="",D11=""),0,MAX(0,NETWORKDAYS(MAX(D11,DATE(Einstellungen!$C$3,9,1)),MIN(J11,DATE(Einstellungen!$C$3,10,0)),Einstellungen!$F$13:$F$32))) | U11: =IF(OR(A11="",D11=""),0,MAX(0,NETWORKDAYS(MAX(D11,DATE(Einstellungen!$C$3,10,1)),MIN(J11,DATE(Einstellungen!$C$3,11,0)),Einstellungen!$F$13:$F$32))) | V11: =IF(OR(A11="",D11=""),0,MAX(0,NETWORKDAYS(MAX(D11,DATE(Einstellungen!$C$3,11,1)),MIN(J11,DATE(Einstellungen!$C$3,12,0)),Einstellungen!$F$13:$F$32))) | W11: =IF(OR(A11="",D11=""),0,MAX(0,NETWORKDAYS(MAX(D11,DATE(Einstellungen!$C$3,12,1)),MIN(J11,DATE(Einstellungen!$C$3,13,0)),Einstellungen!$F$13:$F$32))) | X11: =L11*K11 | Y11: =M11*K11 | Z11: =N11*K11 | AA11: =O11*K11 | AB11: =P11*K11 | AC11: =Q11*K11 | AD11: =R11*K11 | AE11: =S11*K11 | AF11: =T11*K11 | AG11: =U11*K11 | AH11: =V11*K11 | AI11: =W11*K11
A12: 1036 | B12: =IF(A12="","",IFERROR(INDEX(Mitarbeiter!$B$6:$B$205,MATCH($A12,Mitarbeiter!$A$6:$A$205,0)),"?")) | C12: Objekt 2 | D12: 46036 | E12: 46056 | F12: =IF(A12="","",SUM(L12:W12)) | G12: =IF(A12="","",SUM(X12:AI12)) | H12: =IF(A12="","",IF(ISNA(MATCH(A12,Mitarbeiter!$A$6:$A$205,0)),"Pers.-Nr. unbekannt",IF(D12="","Von fehlt",IF(AND(C12<>Einstellungen!$C$4,C12<>Einstellungen!$C$5),"Objekt fehlt",IF(J12<D12,"Bis vor Von",IF(D12<INDEX(Mitarbeiter!$C$6:$C$205,MATCH($A12,Mitarbeiter!$A$6:$A$205,0)),"vor Eintritt",IF(AND(INDEX(Mitarbeiter!$D$6:$D$205,MATCH($A12,Mitarbeiter!$A$6:$A$205,0))<>"",D12>INDEX(Mitarbeiter!$D$6:$D$205,MATCH($A12,Mitarbeiter!$A$6:$A$205,0))),"nach Austritt",IF(E12="","offen","ok")))))))) | J12: =IF(A12="","",IF(E12="",Einstellungen!$C$9,E12)) | K12: =IF(A12="",0,IFERROR(INDEX(Mitarbeiter!$F$6:$F$205,MATCH($A12,Mitarbeiter!$A$6:$A$205,0)),0)) | L12: =IF(OR(A12="",D12=""),0,MAX(0,NETWORKDAYS(MAX(D12,DATE(Einstellungen!$C$3,1,1)),MIN(J12,DATE(Einstellungen!$C$3,2,0)),Einstellungen!$F$13:$F$32))) | M12: =IF(OR(A12="",D12=""),0,MAX(0,NETWORKDAYS(MAX(D12,DATE(Einstellungen!$C$3,2,1)),MIN(J12,DATE(Einstellungen!$C$3,3,0)),Einstellungen!$F$13:$F$32))) | N12: =IF(OR(A12="",D12=""),0,MAX(0,NETWORKDAYS(MAX(D12,DATE(Einstellungen!$C$3,3,1)),MIN(J12,DATE(Einstellungen!$C$3,4,0)),Einstellungen!$F$13:$F$32))) | O12: =IF(OR(A12="",D12=""),0,MAX(0,NETWORKDAYS(MAX(D12,DATE(Einstellungen!$C$3,4,1)),MIN(J12,DATE(Einstellungen!$C$3,5,0)),Einstellungen!$F$13:$F$32))) | P12: =IF(OR(A12="",D12=""),0,MAX(0,NETWORKDAYS(MAX(D12,DATE(Einstellungen!$C$3,5,1)),MIN(J12,DATE(Einstellungen!$C$3,6,0)),Einstellungen!$F$13:$F$32))) | Q12: =IF(OR(A12="",D12=""),0,MAX(0,NETWORKDAYS(MAX(D12,DATE(Einstellungen!$C$3,6,1)),MIN(J12,DATE(Einstellungen!$C$3,7,0)),Einstellungen!$F$13:$F$32))) | R12: =IF(OR(A12="",D12=""),0,MAX(0,NETWORKDAYS(MAX(D12,DATE(Einstellungen!$C$3,7,1)),MIN(J12,DATE(Einstellungen!$C$3,8,0)),Einstellungen!$F$13:$F$32))) | S12: =IF(OR(A12="",D12=""),0,MAX(0,NETWORKDAYS(MAX(D12,DATE(Einstellungen!$C$3,8,1)),MIN(J12,DATE(Einstellungen!$C$3,9,0)),Einstellungen!$F$13:$F$32))) | T12: =IF(OR(A12="",D12=""),0,MAX(0,NETWORKDAYS(MAX(D12,DATE(Einstellungen!$C$3,9,1)),MIN(J12,DATE(Einstellungen!$C$3,10,0)),Einstellungen!$F$13:$F$32))) | U12: =IF(OR(A12="",D12=""),0,MAX(0,NETWORKDAYS(MAX(D12,DATE(Einstellungen!$C$3,10,1)),MIN(J12,DATE(Einstellungen!$C$3,11,0)),Einstellungen!$F$13:$F$32))) | V12: =IF(OR(A12="",D12=""),0,MAX(0,NETWORKDAYS(MAX(D12,DATE(Einstellungen!$C$3,11,1)),MIN(J12,DATE(Einstellungen!$C$3,12,0)),Einstellungen!$F$13:$F$32))) | W12: =IF(OR(A12="",D12=""),0,MAX(0,NETWORKDAYS(MAX(D12,DATE(Einstellungen!$C$3,12,1)),MIN(J12,DATE(Einstellungen!$C$3,13,0)),Einstellungen!$F$13:$F$32))) | X12: =L12*K12 | Y12: =M12*K12 | Z12: =N12*K12 | AA12: =O12*K12 | AB12: =P12*K12 | AC12: =Q12*K12 | AD12: =R12*K12 | AE12: =S12*K12 | AF12: =T12*K12 | AG12: =U12*K12 | AH12: =V12*K12 | AI12: =W12*K12
A13: 1009 | B13: =IF(A13="","",IFERROR(INDEX(Mitarbeiter!$B$6:$B$205,MATCH($A13,Mitarbeiter!$A$6:$A$205,0)),"?")) | C13: Objekt 2 | D13: 46036 | E13: 46037 | F13: =IF(A13="","",SUM(L13:W13)) | G13: =IF(A13="","",SUM(X13:AI13)) | H13: =IF(A13="","",IF(ISNA(MATCH(A13,Mitarbeiter!$A$6:$A$205,0)),"Pers.-Nr. unbekannt",IF(D13="","Von fehlt",IF(AND(C13<>Einstellungen!$C$4,C13<>Einstellungen!$C$5),"Objekt fehlt",IF(J13<D13,"Bis vor Von",IF(D13<INDEX(Mitarbeiter!$C$6:$C$205,MATCH($A13,Mitarbeiter!$A$6:$A$205,0)),"vor Eintritt",IF(AND(INDEX(Mitarbeiter!$D$6:$D$205,MATCH($A13,Mitarbeiter!$A$6:$A$205,0))<>"",D13>INDEX(Mitarbeiter!$D$6:$D$205,MATCH($A13,Mitarbeiter!$A$6:$A$205,0))),"nach Austritt",IF(E13="","offen","ok")))))))) | J13: =IF(A13="","",IF(E13="",Einstellungen!$C$9,E13)) | K13: =IF(A13="",0,IFERROR(INDEX(Mitarbeiter!$F$6:$F$205,MATCH($A13,Mitarbeiter!$A$6:$A$205,0)),0)) | L13: =IF(OR(A13="",D13=""),0,MAX(0,NETWORKDAYS(MAX(D13,DATE(Einstellungen!$C$3,1,1)),MIN(J13,DATE(Einstellungen!$C$3,2,0)),Einstellungen!$F$13:$F$32))) | M13: =IF(OR(A13="",D13=""),0,MAX(0,NETWORKDAYS(MAX(D13,DATE(Einstellungen!$C$3,2,1)),MIN(J13,DATE(Einstellungen!$C$3,3,0)),Einstellungen!$F$13:$F$32))) | N13: =IF(OR(A13="",D13=""),0,MAX(0,NETWORKDAYS(MAX(D13,DATE(Einstellungen!$C$3,3,1)),MIN(J13,DATE(Einstellungen!$C$3,4,0)),Einstellungen!$F$13:$F$32))) | O13: =IF(OR(A13="",D13=""),0,MAX(0,NETWORKDAYS(MAX(D13,DATE(Einstellungen!$C$3,4,1)),MIN(J13,DATE(Einstellungen!$C$3,5,0)),Einstellungen!$F$13:$F$32))) | P13: =IF(OR(A13="",D13=""),0,MAX(0,NETWORKDAYS(MAX(D13,DATE(Einstellungen!$C$3,5,1)),MIN(J13,DATE(Einstellungen!$C$3,6,0)),Einstellungen!$F$13:$F$32))) | Q13: =IF(OR(A13="",D13=""),0,MAX(0,NETWORKDAYS(MAX(D13,DATE(Einstellungen!$C$3,6,1)),MIN(J13,DATE(Einstellungen!$C$3,7,0)),Einstellungen!$F$13:$F$32))) | R13: =IF(OR(A13="",D13=""),0,MAX(0,NETWORKDAYS(MAX(D13,DATE(Einstellungen!$C$3,7,1)),MIN(J13,DATE(Einstellungen!$C$3,8,0)),Einstellungen!$F$13:$F$32))) | S13: =IF(OR(A13="",D13=""),0,MAX(0,NETWORKDAYS(MAX(D13,DATE(Einstellungen!$C$3,8,1)),MIN(J13,DATE(Einstellungen!$C$3,9,0)),Einstellungen!$F$13:$F$32))) | T13: =IF(OR(A13="",D13=""),0,MAX(0,NETWORKDAYS(MAX(D13,DATE(Einstellungen!$C$3,9,1)),MIN(J13,DATE(Einstellungen!$C$3,10,0)),Einstellungen!$F$13:$F$32))) | U13: =IF(OR(A13="",D13=""),0,MAX(0,NETWORKDAYS(MAX(D13,DATE(Einstellungen!$C$3,10,1)),MIN(J13,DATE(Einstellungen!$C$3,11,0)),Einstellungen!$F$13:$F$32))) | V13: =IF(OR(A13="",D13=""),0,MAX(0,NETWORKDAYS(MAX(D13,DATE(Einstellungen!$C$3,11,1)),MIN(J13,DATE(Einstellungen!$C$3,12,0)),Einstellungen!$F$13:$F$32))) | W13: =IF(OR(A13="",D13=""),0,MAX(0,NETWORKDAYS(MAX(D13,DATE(Einstellungen!$C$3,12,1)),MIN(J13,DATE(Einstellungen!$C$3,13,0)),Einstellungen!$F$13:$F$32))) | X13: =L13*K13 | Y13: =M13*K13 | Z13: =N13*K13 | AA13: =O13*K13 | AB13: =P13*K13 | AC13: =Q13*K13 | AD13: =R13*K13 | AE13: =S13*K13 | AF13: =T13*K13 | AG13: =U13*K13 | AH13: =V13*K13 | AI13: =W13*K13
A14: 1014 | B14: =IF(A14="","",IFERROR(INDEX(Mitarbeiter!$B$6:$B$205,MATCH($A14,Mitarbeiter!$A$6:$A$205,0)),"?")) | C14: Objekt 2 | D14: 46037 | E14: 46043 | F14: =IF(A14="","",SUM(L14:W14)) | G14: =IF(A14="","",SUM(X14:AI14)) | H14: =IF(A14="","",IF(ISNA(MATCH(A14,Mitarbeiter!$A$6:$A$205,0)),"Pers.-Nr. unbekannt",IF(D14="","Von fehlt",IF(AND(C14<>Einstellungen!$C$4,C14<>Einstellungen!$C$5),"Objekt fehlt",IF(J14<D14,"Bis vor Von",IF(D14<INDEX(Mitarbeiter!$C$6:$C$205,MATCH($A14,Mitarbeiter!$A$6:$A$205,0)),"vor Eintritt",IF(AND(INDEX(Mitarbeiter!$D$6:$D$205,MATCH($A14,Mitarbeiter!$A$6:$A$205,0))<>"",D14>INDEX(Mitarbeiter!$D$6:$D$205,MATCH($A14,Mitarbeiter!$A$6:$A$205,0))),"nach Austritt",IF(E14="","offen","ok")))))))) | J14: =IF(A14="","",IF(E14="",Einstellungen!$C$9,E14)) | K14: =IF(A14="",0,IFERROR(INDEX(Mitarbeiter!$F$6:$F$205,MATCH($A14,Mitarbeiter!$A$6:$A$205,0)),0)) | L14: =IF(OR(A14="",D14=""),0,MAX(0,NETWORKDAYS(MAX(D14,DATE(Einstellungen!$C$3,1,1)),MIN(J14,DATE(Einstellungen!$C$3,2,0)),Einstellungen!$F$13:$F$32))) | M14: =IF(OR(A14="",D14=""),0,MAX(0,NETWORKDAYS(MAX(D14,DATE(Einstellungen!$C$3,2,1)),MIN(J14,DATE(Einstellungen!$C$3,3,0)),Einstellungen!$F$13:$F$32))) | N14: =IF(OR(A14="",D14=""),0,MAX(0,NETWORKDAYS(MAX(D14,DATE(Einstellungen!$C$3,3,1)),MIN(J14,DATE(Einstellungen!$C$3,4,0)),Einstellungen!$F$13:$F$32))) | O14: =IF(OR(A14="",D14=""),0,MAX(0,NETWORKDAYS(MAX(D14,DATE(Einstellungen!$C$3,4,1)),MIN(J14,DATE(Einstellungen!$C$3,5,0)),Einstellungen!$F$13:$F$32))) | P14: =IF(OR(A14="",D14=""),0,MAX(0,NETWORKDAYS(MAX(D14,DATE(Einstellungen!$C$3,5,1)),MIN(J14,DATE(Einstellungen!$C$3,6,0)),Einstellungen!$F$13:$F$32))) | Q14: =IF(OR(A14="",D14=""),0,MAX(0,NETWORKDAYS(MAX(D14,DATE(Einstellungen!$C$3,6,1)),MIN(J14,DATE(Einstellungen!$C$3,7,0)),Einstellungen!$F$13:$F$32))) | R14: =IF(OR(A14="",D14=""),0,MAX(0,NETWORKDAYS(MAX(D14,DATE(Einstellungen!$C$3,7,1)),MIN(J14,DATE(Einstellungen!$C$3,8,0)),Einstellungen!$F$13:$F$32))) | S14: =IF(OR(A14="",D14=""),0,MAX(0,NETWORKDAYS(MAX(D14,DATE(Einstellungen!$C$3,8,1)),MIN(J14,DATE(Einstellungen!$C$3,9,0)),Einstellungen!$F$13:$F$32))) | T14: =IF(OR(A14="",D14=""),0,MAX(0,NETWORKDAYS(MAX(D14,DATE(Einstellungen!$C$3,9,1)),MIN(J14,DATE(Einstellungen!$C$3,10,0)),Einstellungen!$F$13:$F$32))) | U14: =IF(OR(A14="",D14=""),0,MAX(0,NETWORKDAYS(MAX(D14,DATE(Einstellungen!$C$3,10,1)),MIN(J14,DATE(Einstellungen!$C$3,11,0)),Einstellungen!$F$13:$F$32))) | V14: =IF(OR(A14="",D14=""),0,MAX(0,NETWORKDAYS(MAX(D14,DATE(Einstellungen!$C$3,11,1)),MIN(J14,DATE(Einstellungen!$C$3,12,0)),Einstellungen!$F$13:$F$32))) | W14: =IF(OR(A14="",D14=""),0,MAX(0,NETWORKDAYS(MAX(D14,DATE(Einstellungen!$C$3,12,1)),MIN(J14,DATE(Einstellungen!$C$3,13,0)),Einstellungen!$F$13:$F$32))) | X14: =L14*K14 | Y14: =M14*K14 | Z14: =N14*K14 | AA14: =O14*K14 | AB14: =P14*K14 | AC14: =Q14*K14 | AD14: =R14*K14 | AE14: =S14*K14 | AF14: =T14*K14 | AG14: =U14*K14 | AH14: =V14*K14 | AI14: =W14*K14
A15: 1037 | B15: =IF(A15="","",IFERROR(INDEX(Mitarbeiter!$B$6:$B$205,MATCH($A15,Mitarbeiter!$A$6:$A$205,0)),"?")) | C15: Objekt 1 | D15: 46037 | E15: 46039 | F15: =IF(A15="","",SUM(L15:W15)) | G15: =IF(A15="","",SUM(X15:AI15)) | H15: =IF(A15="","",IF(ISNA(MATCH(A15,Mitarbeiter!$A$6:$A$205,0)),"Pers.-Nr. unbekannt",IF(D15="","Von fehlt",IF(AND(C15<>Einstellungen!$C$4,C15<>Einstellungen!$C$5),"Objekt fehlt",IF(J15<D15,"Bis vor Von",IF(D15<INDEX(Mitarbeiter!$C$6:$C$205,MATCH($A15,Mitarbeiter!$A$6:$A$205,0)),"vor Eintritt",IF(AND(INDEX(Mitarbeiter!$D$6:$D$205,MATCH($A15,Mitarbeiter!$A$6:$A$205,0))<>"",D15>INDEX(Mitarbeiter!$D$6:$D$205,MATCH($A15,Mitarbeiter!$A$6:$A$205,0))),"nach Austritt",IF(E15="","offen","ok")))))))) | J15: =IF(A15="","",IF(E15="",Einstellungen!$C$9,E15)) | K15: =IF(A15="",0,IFERROR(INDEX(Mitarbeiter!$F$6:$F$205,MATCH($A15,Mitarbeiter!$A$6:$A$205,0)),0)) | L15: =IF(OR(A15="",D15=""),0,MAX(0,NETWORKDAYS(MAX(D15,DATE(Einstellungen!$C$3,1,1)),MIN(J15,DATE(Einstellungen!$C$3,2,0)),Einstellungen!$F$13:$F$32))) | M15: =IF(OR(A15="",D15=""),0,MAX(0,NETWORKDAYS(MAX(D15,DATE(Einstellungen!$C$3,2,1)),MIN(J15,DATE(Einstellungen!$C$3,3,0)),Einstellungen!$F$13:$F$32))) | N15: =IF(OR(A15="",D15=""),0,MAX(0,NETWORKDAYS(MAX(D15,DATE(Einstellungen!$C$3,3,1)),MIN(J15,DATE(Einstellungen!$C$3,4,0)),Einstellungen!$F$13:$F$32))) | O15: =IF(OR(A15="",D15=""),0,MAX(0,NETWORKDAYS(MAX(D15,DATE(Einstellungen!$C$3,4,1)),MIN(J15,DATE(Einstellungen!$C$3,5,0)),Einstellungen!$F$13:$F$32))) | P15: =IF(OR(A15="",D15=""),0,MAX(0,NETWORKDAYS(MAX(D15,DATE(Einstellungen!$C$3,5,1)),MIN(J15,DATE(Einstellungen!$C$3,6,0)),Einstellungen!$F$13:$F$32))) | Q15: =IF(OR(A15="",D15=""),0,MAX(0,NETWORKDAYS(MAX(D15,DATE(Einstellungen!$C$3,6,1)),MIN(J15,DATE(Einstellungen!$C$3,7,0)),Einstellungen!$F$13:$F$32))) | R15: =IF(OR(A15="",D15=""),0,MAX(0,NETWORKDAYS(MAX(D15,DATE(Einstellungen!$C$3,7,1)),MIN(J15,DATE(Einstellungen!$C$3,8,0)),Einstellungen!$F$13:$F$32))) | S15: =IF(OR(A15="",D15=""),0,MAX(0,NETWORKDAYS(MAX(D15,DATE(Einstellungen!$C$3,8,1)),MIN(J15,DATE(Einstellungen!$C$3,9,0)),Einstellungen!$F$13:$F$32))) | T15: =IF(OR(A15="",D15=""),0,MAX(0,NETWORKDAYS(MAX(D15,DATE(Einstellungen!$C$3,9,1)),MIN(J15,DATE(Einstellungen!$C$3,10,0)),Einstellungen!$F$13:$F$32))) | U15: =IF(OR(A15="",D15=""),0,MAX(0,NETWORKDAYS(MAX(D15,DATE(Einstellungen!$C$3,10,1)),MIN(J15,DATE(Einstellungen!$C$3,11,0)),Einstellungen!$F$13:$F$32))) | V15: =IF(OR(A15="",D15=""),0,MAX(0,NETWORKDAYS(MAX(D15,DATE(Einstellungen!$C$3,11,1)),MIN(J15,DATE(Einstellungen!$C$3,12,0)),Einstellungen!$F$13:$F$32))) | W15: =IF(OR(A15="",D15=""),0,MAX(0,NETWORKDAYS(MAX(D15,DATE(Einstellungen!$C$3,12,1)),MIN(J15,DATE(Einstellungen!$C$3,13,0)),Einstellungen!$F$13:$F$32))) | X15: =L15*K15 | Y15: =M15*K15 | Z15: =N15*K15 | AA15: =O15*K15 | AB15: =P15*K15 | AC15: =Q15*K15 | AD15: =R15*K15 | AE15: =S15*K15 | AF15: =T15*K15 | AG15: =U15*K15 | AH15: =V15*K15 | AI15: =W15*K15
A16: 1012 | B16: =IF(A16="","",IFERROR(INDEX(Mitarbeiter!$B$6:$B$205,MATCH($A16,Mitarbeiter!$A$6:$A$205,0)),"?")) | C16: Objekt 2 | D16: 46038 | E16: 46042 | F16: =IF(A16="","",SUM(L16:W16)) | G16: =IF(A16="","",SUM(X16:AI16)) | H16: =IF(A16="","",IF(ISNA(MATCH(A16,Mitarbeiter!$A$6:$A$205,0)),"Pers.-Nr. unbekannt",IF(D16="","Von fehlt",IF(AND(C16<>Einstellungen!$C$4,C16<>Einstellungen!$C$5),"Objekt fehlt",IF(J16<D16,"Bis vor Von",IF(D16<INDEX(Mitarbeiter!$C$6:$C$205,MATCH($A16,Mitarbeiter!$A$6:$A$205,0)),"vor Eintritt",IF(AND(INDEX(Mitarbeiter!$D$6:$D$205,MATCH($A16,Mitarbeiter!$A$6:$A$205,0))<>"",D16>INDEX(Mitarbeiter!$D$6:$D$205,MATCH($A16,Mitarbeiter!$A$6:$A$205,0))),"nach Austritt",IF(E16="","offen","ok")))))))) | J16: =IF(A16="","",IF(E16="",Einstellungen!$C$9,E16)) | K16: =IF(A16="",0,IFERROR(INDEX(Mitarbeiter!$F$6:$F$205,MATCH($A16,Mitarbeiter!$A$6:$A$205,0)),0)) | L16: =IF(OR(A16="",D16=""),0,MAX(0,NETWORKDAYS(MAX(D16,DATE(Einstellungen!$C$3,1,1)),MIN(J16,DATE(Einstellungen!$C$3,2,0)),Einstellungen!$F$13:$F$32))) | M16: =IF(OR(A16="",D16=""),0,MAX(0,NETWORKDAYS(MAX(D16,DATE(Einstellungen!$C$3,2,1)),MIN(J16,DATE(Einstellungen!$C$3,3,0)),Einstellungen!$F$13:$F$32))) | N16: =IF(OR(A16="",D16=""),0,MAX(0,NETWORKDAYS(MAX(D16,DATE(Einstellungen!$C$3,3,1)),MIN(J16,DATE(Einstellungen!$C$3,4,0)),Einstellungen!$F$13:$F$32))) | O16: =IF(OR(A16="",D16=""),0,MAX(0,NETWORKDAYS(MAX(D16,DATE(Einstellungen!$C$3,4,1)),MIN(J16,DATE(Einstellungen!$C$3,5,0)),Einstellungen!$F$13:$F$32))) | P16: =IF(OR(A16="",D16=""),0,MAX(0,NETWORKDAYS(MAX(D16,DATE(Einstellungen!$C$3,5,1)),MIN(J16,DATE(Einstellungen!$C$3,6,0)),Einstellungen!$F$13:$F$32))) | Q16: =IF(OR(A16="",D16=""),0,MAX(0,NETWORKDAYS(MAX(D16,DATE(Einstellungen!$C$3,6,1)),MIN(J16,DATE(Einstellungen!$C$3,7,0)),Einstellungen!$F$13:$F$32))) | R16: =IF(OR(A16="",D16=""),0,MAX(0,NETWORKDAYS(MAX(D16,DATE(Einstellungen!$C$3,7,1)),MIN(J16,DATE(Einstellungen!$C$3,8,0)),Einstellungen!$F$13:$F$32))) | S16: =IF(OR(A16="",D16=""),0,MAX(0,NETWORKDAYS(MAX(D16,DATE(Einstellungen!$C$3,8,1)),MIN(J16,DATE(Einstellungen!$C$3,9,0)),Einstellungen!$F$13:$F$32))) | T16: =IF(OR(A16="",D16=""),0,MAX(0,NETWORKDAYS(MAX(D16,DATE(Einstellungen!$C$3,9,1)),MIN(J16,DATE(Einstellungen!$C$3,10,0)),Einstellungen!$F$13:$F$32))) | U16: =IF(OR(A16="",D16=""),0,MAX(0,NETWORKDAYS(MAX(D16,DATE(Einstellungen!$C$3,10,1)),MIN(J16,DATE(Einstellungen!$C$3,11,0)),Einstellungen!$F$13:$F$32))) | V16: =IF(OR(A16="",D16=""),0,MAX(0,NETWORKDAYS(MAX(D16,DATE(Einstellungen!$C$3,11,1)),MIN(J16,DATE(Einstellungen!$C$3,12,0)),Einstellungen!$F$13:$F$32))) | W16: =IF(OR(A16="",D16=""),0,MAX(0,NETWORKDAYS(MAX(D16,DATE(Einstellungen!$C$3,12,1)),MIN(J16,DATE(Einstellungen!$C$3,13,0)),Einstellungen!$F$13:$F$32))) | X16: =L16*K16 | Y16: =M16*K16 | Z16: =N16*K16 | AA16: =O16*K16 | AB16: =P16*K16 | AC16: =Q16*K16 | AD16: =R16*K16 | AE16: =S16*K16 | AF16: =T16*K16 | AG16: =U16*K16 | AH16: =V16*K16 | AI16: =W16*K16
A17: 1005 | B17: =IF(A17="","",IFERROR(INDEX(Mitarbeiter!$B$6:$B$205,MATCH($A17,Mitarbeiter!$A$6:$A$205,0)),"?")) | C17: Objekt 1 | D17: 46038 | E17: 46040 | F17: =IF(A17="","",SUM(L17:W17)) | G17: =IF(A17="","",SUM(X17:AI17)) | H17: =IF(A17="","",IF(ISNA(MATCH(A17,Mitarbeiter!$A$6:$A$205,0)),"Pers.-Nr. unbekannt",IF(D17="","Von fehlt",IF(AND(C17<>Einstellungen!$C$4,C17<>Einstellungen!$C$5),"Objekt fehlt",IF(J17<D17,"Bis vor Von",IF(D17<INDEX(Mitarbeiter!$C$6:$C$205,MATCH($A17,Mitarbeiter!$A$6:$A$205,0)),"vor Eintritt",IF(AND(INDEX(Mitarbeiter!$D$6:$D$205,MATCH($A17,Mitarbeiter!$A$6:$A$205,0))<>"",D17>INDEX(Mitarbeiter!$D$6:$D$205,MATCH($A17,Mitarbeiter!$A$6:$A$205,0))),"nach Austritt",IF(E17="","offen","ok")))))))) | J17: =IF(A17="","",IF(E17="",Einstellungen!$C$9,E17)) | K17: =IF(A17="",0,IFERROR(INDEX(Mitarbeiter!$F$6:$F$205,MATCH($A17,Mitarbeiter!$A$6:$A$205,0)),0)) | L17: =IF(OR(A17="",D17=""),0,MAX(0,NETWORKDAYS(MAX(D17,DATE(Einstellungen!$C$3,1,1)),MIN(J17,DATE(Einstellungen!$C$3,2,0)),Einstellungen!$F$13:$F$32))) | M17: =IF(OR(A17="",D17=""),0,MAX(0,NETWORKDAYS(MAX(D17,DATE(Einstellungen!$C$3,2,1)),MIN(J17,DATE(Einstellungen!$C$3,3,0)),Einstellungen!$F$13:$F$32))) | N17: =IF(OR(A17="",D17=""),0,MAX(0,NETWORKDAYS(MAX(D17,DATE(Einstellungen!$C$3,3,1)),MIN(J17,DATE(Einstellungen!$C$3,4,0)),Einstellungen!$F$13:$F$32))) | O17: =IF(OR(A17="",D17=""),0,MAX(0,NETWORKDAYS(MAX(D17,DATE(Einstellungen!$C$3,4,1)),MIN(J17,DATE(Einstellungen!$C$3,5,0)),Einstellungen!$F$13:$F$32))) | P17: =IF(OR(A17="",D17=""),0,MAX(0,NETWORKDAYS(MAX(D17,DATE(Einstellungen!$C$3,5,1)),MIN(J17,DATE(Einstellungen!$C$3,6,0)),Einstellungen!$F$13:$F$32))) | Q17: =IF(OR(A17="",D17=""),0,MAX(0,NETWORKDAYS(MAX(D17,DATE(Einstellungen!$C$3,6,1)),MIN(J17,DATE(Einstellungen!$C$3,7,0)),Einstellungen!$F$13:$F$32))) | R17: =IF(OR(A17="",D17=""),0,MAX(0,NETWORKDAYS(MAX(D17,DATE(Einstellungen!$C$3,7,1)),MIN(J17,DATE(Einstellungen!$C$3,8,0)),Einstellungen!$F$13:$F$32))) | S17: =IF(OR(A17="",D17=""),0,MAX(0,NETWORKDAYS(MAX(D17,DATE(Einstellungen!$C$3,8,1)),MIN(J17,DATE(Einstellungen!$C$3,9,0)),Einstellungen!$F$13:$F$32))) | T17: =IF(OR(A17="",D17=""),0,MAX(0,NETWORKDAYS(MAX(D17,DATE(Einstellungen!$C$3,9,1)),MIN(J17,DATE(Einstellungen!$C$3,10,0)),Einstellungen!$F$13:$F$32))) | U17: =IF(OR(A17="",D17=""),0,MAX(0,NETWORKDAYS(MAX(D17,DATE(Einstellungen!$C$3,10,1)),MIN(J17,DATE(Einstellungen!$C$3,11,0)),Einstellungen!$F$13:$F$32))) | V17: =IF(OR(A17="",D17=""),0,MAX(0,NETWORKDAYS(MAX(D17,DATE(Einstellungen!$C$3,11,1)),MIN(J17,DATE(Einstellungen!$C$3,12,0)),Einstellungen!$F$13:$F$32))) | W17: =IF(OR(A17="",D17=""),0,MAX(0,NETWORKDAYS(MAX(D17,DATE(Einstellungen!$C$3,12,1)),MIN(J17,DATE(Einstellungen!$C$3,13,0)),Einstellungen!$F$13:$F$32))) | X17: =L17*K17 | Y17: =M17*K17 | Z17: =N17*K17 | AA17: =O17*K17 | AB17: =P17*K17 | AC17: =Q17*K17 | AD17: =R17*K17 | AE17: =S17*K17 | AF17: =T17*K17 | AG17: =U17*K17 | AH17: =V17*K17 | AI17: =W17*K17
... A23: 1023 | B23: =IF(A23="","",IFERROR(INDEX(Mitarbeiter!$B$6:$B$205,MATCH($A23,Mitarbeiter!$A$6:$A$205,0)),"?")) | C23: Objekt 2 | D23: 46047 | E23: 46051 | F23: =IF(A23="","",SUM(L23:W23)) | G23: =IF(A23="","",SUM(X23:AI23)) | H23: =IF(A23="","",IF(ISNA(MATCH(A23,Mitarbeiter!$A$6:$A$205,0)),"Pers.-Nr. unbekannt",IF(D23="","Von fehlt",IF(AND(C23<>Einstellungen!$C$4,C23<>Einstellungen!$C$5),"Objekt fehlt",IF(J23<D23,"Bis vor Von",IF(D23<INDEX(Mitarbeiter!$C$6:$C$205,MATCH($A23,Mitarbeiter!$A$6:$A$205,0)),"vor Eintritt",IF(AND(INDEX(Mitarbeiter!$D$6:$D$205,MATCH($A23,Mitarbeiter!$A$6:$A$205,0))<>"",D23>INDEX(Mitarbeiter!$D$6:$D$205,MATCH($A23,Mitarbeiter!$A$6:$A$205,0))),"nach Austritt",IF(E23="","offen","ok")))))))) | J23: =IF(A23="","",IF(E23="",Einstellungen!$C$9,E23)) | K23: =IF(A23="",0,IFERROR(INDEX(Mitarbeiter!$F$6:$F$205,MATCH($A23,Mitarbeiter!$A$6:$A$205,0)),0)) | L23: =IF(OR(A23="",D23=""),0,MAX(0,NETWORKDAYS(MAX(D23,DATE(Einstellungen!$C$3,1,1)),MIN(J23,DATE(Einstellungen!$C$3,2,0)),Einstellungen!$F$13:$F$32))) | M23: =IF(OR(A23="",D23=""),0,MAX(0,NETWORKDAYS(MAX(D23,DATE(Einstellungen!$C$3,2,1)),MIN(J23,DATE(Einstellungen!$C$3,3,0)),Einstellungen!$F$13:$F$32))) | N23: =IF(OR(A23="",D23=""),0,MAX(0,NETWORKDAYS(MAX(D23,DATE(Einstellungen!$C$3,3,1)),MIN(J23,DATE(Einstellungen!$C$3,4,0)),Einstellungen!$F$13:$F$32))) | O23: =IF(OR(A23="",D23=""),0,MAX(0,NETWORKDAYS(MAX(D23,DATE(Einstellungen!$C$3,4,1)),MIN(J23,DATE(Einstellungen!$C$3,5,0)),Einstellungen!$F$13:$F$32))) | P23: =IF(OR(A23="",D23=""),0,MAX(0,NETWORKDAYS(MAX(D23,DATE(Einstellungen!$C$3,5,1)),MIN(J23,DATE(Einstellungen!$C$3,6,0)),Einstellungen!$F$13:$F$32))) | Q23: =IF(OR(A23="",D23=""),0,MAX(0,NETWORKDAYS(MAX(D23,DATE(Einstellungen!$C$3,6,1)),MIN(J23,DATE(Einstellungen!$C$3,7,0)),Einstellungen!$F$13:$F$32))) | R23: =IF(OR(A23="",D23=""),0,MAX(0,NETWORKDAYS(MAX(D23,DATE(Einstellungen!$C$3,7,1)),MIN(J23,DATE(Einstellungen!$C$3,8,0)),Einstellungen!$F$13:$F$32))) | S23: =IF(OR(A23="",D23=""),0,MAX(0,NETWORKDAYS(MAX(D23,DATE(Einstellungen!$C$3,8,1)),MIN(J23,DATE(Einstellungen!$C$3,9,0)),Einstellungen!$F$13:$F$32))) | T23: =IF(OR(A23="",D23=""),0,MAX(0,NETWORKDAYS(MAX(D23,DATE(Einstellungen!$C$3,9,1)),MIN(J23,DATE(Einstellungen!$C$3,10,0)),Einstellungen!$F$13:$F$32))) | U23: =IF(OR(A23="",D23=""),0,MAX(0,NETWORKDAYS(MAX(D23,DATE(Einstellungen!$C$3,10,1)),MIN(J23,DATE(Einstellungen!$C$3,11,0)),Einstellungen!$F$13:$F$32))) | V23: =IF(OR(A23="",D23=""),0,MAX(0,NETWORKDAYS(MAX(D23,DATE(Einstellungen!$C$3,11,1)),MIN(J23,DATE(Einstellungen!$C$3,12,0)),Einstellungen!$F$13:$F$32))) | W23: =IF(OR(A23="",D23=""),0,MAX(0,NETWORKDAYS(MAX(D23,DATE(Einstellungen!$C$3,12,1)),MIN(J23,DATE(Einstellungen!$C$3,13,0)),Einstellungen!$F$13:$F$32))) | X23: =L23*K23 | Y23: =M23*K23 | Z23: =N23*K23 | AA23: =O23*K23 | AB23: =P23*K23 | AC23: =Q23*K23 | AD23: =R23*K23 | AE23: =S23*K23 | AF23: =T23*K23 | AG23: =U23*K23 | AH23: =V23*K23 | AI23: =W23*K23
A24: 1019 | B24: =IF(A24="","",IFERROR(INDEX(Mitarbeiter!$B$6:$B$205,MATCH($A24,Mitarbeiter!$A$6:$A$205,0)),"?")) | C24: Objekt 1 | D24: 46048 | F24: =IF(A24="","",SUM(L24:W24)) | G24: =IF(A24="","",SUM(X24:AI24)) | H24: =IF(A24="","",IF(ISNA(MATCH(A24,Mitarbeiter!$A$6:$A$205,0)),"Pers.-Nr. unbekannt",IF(D24="","Von fehlt",IF(AND(C24<>Einstellungen!$C$4,C24<>Einstellungen!$C$5),"Objekt fehlt",IF(J24<D24,"Bis vor Von",IF(D24<INDEX(Mitarbeiter!$C$6:$C$205,MATCH($A24,Mitarbeiter!$A$6:$A$205,0)),"vor Eintritt",IF(AND(INDEX(Mitarbeiter!$D$6:$D$205,MATCH($A24,Mitarbeiter!$A$6:$A$205,0))<>"",D24>INDEX(Mitarbeiter!$D$6:$D$205,MATCH($A24,Mitarbeiter!$A$6:$A$205,0))),"nach Austritt",IF(E24="","offen","ok")))))))) | J24: =IF(A24="","",IF(E24="",Einstellungen!$C$9,E24)) | K24: =IF(A24="",0,IFERROR(INDEX(Mitarbeiter!$F$6:$F$205,MATCH($A24,Mitarbeiter!$A$6:$A$205,0)),0)) | L24: =IF(OR(A24="",D24=""),0,MAX(0,NETWORKDAYS(MAX(D24,DATE(Einstellungen!$C$3,1,1)),MIN(J24,DATE(Einstellungen!$C$3,2,0)),Einstellungen!$F$13:$F$32))) | M24: =IF(OR(A24="",D24=""),0,MAX(0,NETWORKDAYS(MAX(D24,DATE(Einstellungen!$C$3,2,1)),MIN(J24,DATE(Einstellungen!$C$3,3,0)),Einstellungen!$F$13:$F$32))) | N24: =IF(OR(A24="",D24=""),0,MAX(0,NETWORKDAYS(MAX(D24,DATE(Einstellungen!$C$3,3,1)),MIN(J24,DATE(Einstellungen!$C$3,4,0)),Einstellungen!$F$13:$F$32))) | O24: =IF(OR(A24="",D24=""),0,MAX(0,NETWORKDAYS(MAX(D24,DATE(Einstellungen!$C$3,4,1)),MIN(J24,DATE(Einstellungen!$C$3,5,0)),Einstellungen!$F$13:$F$32))) | P24: =IF(OR(A24="",D24=""),0,MAX(0,NETWORKDAYS(MAX(D24,DATE(Einstellungen!$C$3,5,1)),MIN(J24,DATE(Einstellungen!$C$3,6,0)),Einstellungen!$F$13:$F$32))) | Q24: =IF(OR(A24="",D24=""),0,MAX(0,NETWORKDAYS(MAX(D24,DATE(Einstellungen!$C$3,6,1)),MIN(J24,DATE(Einstellungen!$C$3,7,0)),Einstellungen!$F$13:$F$32))) | R24: =IF(OR(A24="",D24=""),0,MAX(0,NETWORKDAYS(MAX(D24,DATE(Einstellungen!$C$3,7,1)),MIN(J24,DATE(Einstellungen!$C$3,8,0)),Einstellungen!$F$13:$F$32))) | S24: =IF(OR(A24="",D24=""),0,MAX(0,NETWORKDAYS(MAX(D24,DATE(Einstellungen!$C$3,8,1)),MIN(J24,DATE(Einstellungen!$C$3,9,0)),Einstellungen!$F$13:$F$32))) | T24: =IF(OR(A24="",D24=""),0,MAX(0,NETWORKDAYS(MAX(D24,DATE(Einstellungen!$C$3,9,1)),MIN(J24,DATE(Einstellungen!$C$3,10,0)),Einstellungen!$F$13:$F$32))) | U24: =IF(OR(A24="",D24=""),0,MAX(0,NETWORKDAYS(MAX(D24,DATE(Einstellungen!$C$3,10,1)),MIN(J24,DATE(Einstellungen!$C$3,11,0)),Einstellungen!$F$13:$F$32))) | V24: =IF(OR(A24="",D24=""),0,MAX(0,NETWORKDAYS(MAX(D24,DATE(Einstellungen!$C$3,11,1)),MIN(J24,DATE(Einstellungen!$C$3,12,0)),Einstellungen!$F$13:$F$32))) | W24: =IF(OR(A24="",D24=""),0,MAX(0,NETWORKDAYS(MAX(D24,DATE(Einstellungen!$C$3,12,1)),MIN(J24,DATE(Einstellungen!$C$3,13,0)),Einstellungen!$F$13:$F$32))) | X24: =L24*K24 | Y24: =M24*K24 | Z24: =N24*K24 | AA24: =O24*K24 | AB24: =P24*K24 | AC24: =Q24*K24 | AD24: =R24*K24 | AE24: =S24*K24 | AF24: =T24*K24 | AG24: =U24*K24 | AH24: =V24*K24 | AI24: =W24*K24
A25: 1042 | B25: =IF(A25="","",IFERROR(INDEX(Mitarbeiter!$B$6:$B$205,MATCH($A25,Mitarbeiter!$A$6:$A$205,0)),"?")) | C25: Objekt 2 | D25: 46054 | E25: 46056 | F25: =IF(A25="","",SUM(L25:W25)) | G25: =IF(A25="","",SUM(X25:AI25)) | H25: =IF(A25="","",IF(ISNA(MATCH(A25,Mitarbeiter!$A$6:$A$205,0)),"Pers.-Nr. unbekannt",IF(D25="","Von fehlt",IF(AND(C25<>Einstellungen!$C$4,C25<>Einstellungen!$C$5),"Objekt fehlt",IF(J25<D25,"Bis vor Von",IF(D25<INDEX(Mitarbeiter!$C$6:$C$205,MATCH($A25,Mitarbeiter!$A$6:$A$205,0)),"vor Eintritt",IF(AND(INDEX(Mitarbeiter!$D$6:$D$205,MATCH($A25,Mitarbeiter!$A$6:$A$205,0))<>"",D25>INDEX(Mitarbeiter!$D$6:$D$205,MATCH($A25,Mitarbeiter!$A$6:$A$205,0))),"nach Austritt",IF(E25="","offen","ok")))))))) | J25: =IF(A25="","",IF(E25="",Einstellungen!$C$9,E25)) | K25: =IF(A25="",0,IFERROR(INDEX(Mitarbeiter!$F$6:$F$205,MATCH($A25,Mitarbeiter!$A$6:$A$205,0)),0)) | L25: =IF(OR(A25="",D25=""),0,MAX(0,NETWORKDAYS(MAX(D25,DATE(Einstellungen!$C$3,1,1)),MIN(J25,DATE(Einstellungen!$C$3,2,0)),Einstellungen!$F$13:$F$32))) | M25: =IF(OR(A25="",D25=""),0,MAX(0,NETWORKDAYS(MAX(D25,DATE(Einstellungen!$C$3,2,1)),MIN(J25,DATE(Einstellungen!$C$3,3,0)),Einstellungen!$F$13:$F$32))) | N25: =IF(OR(A25="",D25=""),0,MAX(0,NETWORKDAYS(MAX(D25,DATE(Einstellungen!$C$3,3,1)),MIN(J25,DATE(Einstellungen!$C$3,4,0)),Einstellungen!$F$13:$F$32))) | O25: =IF(OR(A25="",D25=""),0,MAX(0,NETWORKDAYS(MAX(D25,DATE(Einstellungen!$C$3,4,1)),MIN(J25,DATE(Einstellungen!$C$3,5,0)),Einstellungen!$F$13:$F$32))) | P25: =IF(OR(A25="",D25=""),0,MAX(0,NETWORKDAYS(MAX(D25,DATE(Einstellungen!$C$3,5,1)),MIN(J25,DATE(Einstellungen!$C$3,6,0)),Einstellungen!$F$13:$F$32))) | Q25: =IF(OR(A25="",D25=""),0,MAX(0,NETWORKDAYS(MAX(D25,DATE(Einstellungen!$C$3,6,1)),MIN(J25,DATE(Einstellungen!$C$3,7,0)),Einstellungen!$F$13:$F$32))) | R25: =IF(OR(A25="",D25=""),0,MAX(0,NETWORKDAYS(MAX(D25,DATE(Einstellungen!$C$3,7,1)),MIN(J25,DATE(Einstellungen!$C$3,8,0)),Einstellungen!$F$13:$F$32))) | S25: =IF(OR(A25="",D25=""),0,MAX(0,NETWORKDAYS(MAX(D25,DATE(Einstellungen!$C$3,8,1)),MIN(J25,DATE(Einstellungen!$C$3,9,0)),Einstellungen!$F$13:$F$32))) | T25: =IF(OR(A25="",D25=""),0,MAX(0,NETWORKDAYS(MAX(D25,DATE(Einstellungen!$C$3,9,1)),MIN(J25,DATE(Einstellungen!$C$3,10,0)),Einstellungen!$F$13:$F$32))) | U25: =IF(OR(A25="",D25=""),0,MAX(0,NETWORKDAYS(MAX(D25,DATE(Einstellungen!$C$3,10,1)),MIN(J25,DATE(Einstellungen!$C$3,11,0)),Einstellungen!$F$13:$F$32))) | V25: =IF(OR(A25="",D25=""),0,MAX(0,NETWORKDAYS(MAX(D25,DATE(Einstellungen!$C$3,11,1)),MIN(J25,DATE(Einstellungen!$C$3,12,0)),Einstellungen!$F$13:$F$32))) | W25: =IF(OR(A25="",D25=""),0,MAX(0,NETWORKDAYS(MAX(D25,DATE(Einstellungen!$C$3,12,1)),MIN(J25,DATE(Einstellungen!$C$3,13,0)),Einstellungen!$F$13:$F$32))) | X25: =L25*K25 | Y25: =M25*K25 | Z25: =N25*K25 | AA25: =O25*K25 | AB25: =P25*K25 | AC25: =Q25*K25 | AD25: =R25*K25 | AE25: =S25*K25 | AF25: =T25*K25 | AG25: =U25*K25 | AH25: =V25*K25 | AI25: =W25*K25
A26: 1021 | B26: =IF(A26="","",IFERROR(INDEX(Mitarbeiter!$B$6:$B$205,MATCH($A26,Mitarbeiter!$A$6:$A$205,0)),"?")) | C26: Objekt 1 | D26: 46056 | E26: 46058 | F26: =IF(A26="","",SUM(L26:W26)) | G26: =IF(A26="","",SUM(X26:AI26)) | H26: =IF(A26="","",IF(ISNA(MATCH(A26,Mitarbeiter!$A$6:$A$205,0)),"Pers.-Nr. unbekannt",IF(D26="","Von fehlt",IF(AND(C26<>Einstellungen!$C$4,C26<>Einstellungen!$C$5),"Objekt fehlt",IF(J26<D26,"Bis vor Von",IF(D26<INDEX(Mitarbeiter!$C$6:$C$205,MATCH($A26,Mitarbeiter!$A$6:$A$205,0)),"vor Eintritt",IF(AND(INDEX(Mitarbeiter!$D$6:$D$205,MATCH($A26,Mitarbeiter!$A$6:$A$205,0))<>"",D26>INDEX(Mitarbeiter!$D$6:$D$205,MATCH($A26,Mitarbeiter!$A$6:$A$205,0))),"nach Austritt",IF(E26="","offen","ok")))))))) | J26: =IF(A26="","",IF(E26="",Einstellungen!$C$9,E26)) | K26: =IF(A26="",0,IFERROR(INDEX(Mitarbeiter!$F$6:$F$205,MATCH($A26,Mitarbeiter!$A$6:$A$205,0)),0)) | L26: =IF(OR(A26="",D26=""),0,MAX(0,NETWORKDAYS(MAX(D26,DATE(Einstellungen!$C$3,1,1)),MIN(J26,DATE(Einstellungen!$C$3,2,0)),Einstellungen!$F$13:$F$32))) | M26: =IF(OR(A26="",D26=""),0,MAX(0,NETWORKDAYS(MAX(D26,DATE(Einstellungen!$C$3,2,1)),MIN(J26,DATE(Einstellungen!$C$3,3,0)),Einstellungen!$F$13:$F$32))) | N26: =IF(OR(A26="",D26=""),0,MAX(0,NETWORKDAYS(MAX(D26,DATE(Einstellungen!$C$3,3,1)),MIN(J26,DATE(Einstellungen!$C$3,4,0)),Einstellungen!$F$13:$F$32))) | O26: =IF(OR(A26="",D26=""),0,MAX(0,NETWORKDAYS(MAX(D26,DATE(Einstellungen!$C$3,4,1)),MIN(J26,DATE(Einstellungen!$C$3,5,0)),Einstellungen!$F$13:$F$32))) | P26: =IF(OR(A26="",D26=""),0,MAX(0,NETWORKDAYS(MAX(D26,DATE(Einstellungen!$C$3,5,1)),MIN(J26,DATE(Einstellungen!$C$3,6,0)),Einstellungen!$F$13:$F$32))) | Q26: =IF(OR(A26="",D26=""),0,MAX(0,NETWORKDAYS(MAX(D26,DATE(Einstellungen!$C$3,6,1)),MIN(J26,DATE(Einstellungen!$C$3,7,0)),Einstellungen!$F$13:$F$32))) | R26: =IF(OR(A26="",D26=""),0,MAX(0,NETWORKDAYS(MAX(D26,DATE(Einstellungen!$C$3,7,1)),MIN(J26,DATE(Einstellungen!$C$3,8,0)),Einstellungen!$F$13:$F$32))) | S26: =IF(OR(A26="",D26=""),0,MAX(0,NETWORKDAYS(MAX(D26,DATE(Einstellungen!$C$3,8,1)),MIN(J26,DATE(Einstellungen!$C$3,9,0)),Einstellungen!$F$13:$F$32))) | T26: =IF(OR(A26="",D26=""),0,MAX(0,NETWORKDAYS(MAX(D26,DATE(Einstellungen!$C$3,9,1)),MIN(J26,DATE(Einstellungen!$C$3,10,0)),Einstellungen!$F$13:$F$32))) | U26: =IF(OR(A26="",D26=""),0,MAX(0,NETWORKDAYS(MAX(D26,DATE(Einstellungen!$C$3,10,1)),MIN(J26,DATE(Einstellungen!$C$3,11,0)),Einstellungen!$F$13:$F$32))) | V26: =IF(OR(A26="",D26=""),0,MAX(0,NETWORKDAYS(MAX(D26,DATE(Einstellungen!$C$3,11,1)),MIN(J26,DATE(Einstellungen!$C$3,12,0)),Einstellungen!$F$13:$F$32))) | W26: =IF(OR(A26="",D26=""),0,MAX(0,NETWORKDAYS(MAX(D26,DATE(Einstellungen!$C$3,12,1)),MIN(J26,DATE(Einstellungen!$C$3,13,0)),Einstellungen!$F$13:$F$32))) | X26: =L26*K26 | Y26: =M26*K26 | Z26: =N26*K26 | AA26: =O26*K26 | AB26: =P26*K26 | AC26: =Q26*K26 | AD26: =R26*K26 | AE26: =S26*K26 | AF26: =T26*K26 | AG26: =U26*K26 | AH26: =V26*K26 | AI26: =W26*K26
A27: 1030 | B27: =IF(A27="","",IFERROR(INDEX(Mitarbeiter!$B$6:$B$205,MATCH($A27,Mitarbeiter!$A$6:$A$205,0)),"?")) | C27: Objekt 1 | D27: 46063 | E27: 46063 | F27: =IF(A27="","",SUM(L27:W27)) | G27: =IF(A27="","",SUM(X27:AI27)) | H27: =IF(A27="","",IF(ISNA(MATCH(A27,Mitarbeiter!$A$6:$A$205,0)),"Pers.-Nr. unbekannt",IF(D27="","Von fehlt",IF(AND(C27<>Einstellungen!$C$4,C27<>Einstellungen!$C$5),"Objekt fehlt",IF(J27<D27,"Bis vor Von",IF(D27<INDEX(Mitarbeiter!$C$6:$C$205,MATCH($A27,Mitarbeiter!$A$6:$A$205,0)),"vor Eintritt",IF(AND(INDEX(Mitarbeiter!$D$6:$D$205,MATCH($A27,Mitarbeiter!$A$6:$A$205,0))<>"",D27>INDEX(Mitarbeiter!$D$6:$D$205,MATCH($A27,Mitarbeiter!$A$6:$A$205,0))),"nach Austritt",IF(E27="","offen","ok")))))))) | J27: =IF(A27="","",IF(E27="",Einstellungen!$C$9,E27)) | K27: =IF(A27="",0,IFERROR(INDEX(Mitarbeiter!$F$6:$F$205,MATCH($A27,Mitarbeiter!$A$6:$A$205,0)),0)) | L27: =IF(OR(A27="",D27=""),0,MAX(0,NETWORKDAYS(MAX(D27,DATE(Einstellungen!$C$3,1,1)),MIN(J27,DATE(Einstellungen!$C$3,2,0)),Einstellungen!$F$13:$F$32))) | M27: =IF(OR(A27="",D27=""),0,MAX(0,NETWORKDAYS(MAX(D27,DATE(Einstellungen!$C$3,2,1)),MIN(J27,DATE(Einstellungen!$C$3,3,0)),Einstellungen!$F$13:$F$32))) | N27: =IF(OR(A27="",D27=""),0,MAX(0,NETWORKDAYS(MAX(D27,DATE(Einstellungen!$C$3,3,1)),MIN(J27,DATE(Einstellungen!$C$3,4,0)),Einstellungen!$F$13:$F$32))) | O27: =IF(OR(A27="",D27=""),0,MAX(0,NETWORKDAYS(MAX(D27,DATE(Einstellungen!$C$3,4,1)),MIN(J27,DATE(Einstellungen!$C$3,5,0)),Einstellungen!$F$13:$F$32))) | P27: =IF(OR(A27="",D27=""),0,MAX(0,NETWORKDAYS(MAX(D27,DATE(Einstellungen!$C$3,5,1)),MIN(J27,DATE(Einstellungen!$C$3,6,0)),Einstellungen!$F$13:$F$32))) | Q27: =IF(OR(A27="",D27=""),0,MAX(0,NETWORKDAYS(MAX(D27,DATE(Einstellungen!$C$3,6,1)),MIN(J27,DATE(Einstellungen!$C$3,7,0)),Einstellungen!$F$13:$F$32))) | R27: =IF(OR(A27="",D27=""),0,MAX(0,NETWORKDAYS(MAX(D27,DATE(Einstellungen!$C$3,7,1)),MIN(J27,DATE(Einstellungen!$C$3,8,0)),Einstellungen!$F$13:$F$32))) | S27: =IF(OR(A27="",D27=""),0,MAX(0,NETWORKDAYS(MAX(D27,DATE(Einstellungen!$C$3,8,1)),MIN(J27,DATE(Einstellungen!$C$3,9,0)),Einstellungen!$F$13:$F$32))) | T27: =IF(OR(A27="",D27=""),0,MAX(0,NETWORKDAYS(MAX(D27,DATE(Einstellungen!$C$3,9,1)),MIN(J27,DATE(Einstellungen!$C$3,10,0)),Einstellungen!$F$13:$F$32))) | U27: =IF(OR(A27="",D27=""),0,MAX(0,NETWORKDAYS(MAX(D27,DATE(Einstellungen!$C$3,10,1)),MIN(J27,DATE(Einstellungen!$C$3,11,0)),Einstellungen!$F$13:$F$32))) | V27: =IF(OR(A27="",D27=""),0,MAX(0,NETWORKDAYS(MAX(D27,DATE(Einstellungen!$C$3,11,1)),MIN(J27,DATE(Einstellungen!$C$3,12,0)),Einstellungen!$F$13:$F$32))) | W27: =IF(OR(A27="",D27=""),0,MAX(0,NETWORKDAYS(MAX(D27,DATE(Einstellungen!$C$3,12,1)),MIN(J27,DATE(Einstellungen!$C$3,13,0)),Einstellungen!$F$13:$F$32))) | X27: =L27*K27 | Y27: =M27*K27 | Z27: =N27*K27 | AA27: =O27*K27 | AB27: =P27*K27 | AC27: =Q27*K27 | AD27: =R27*K27 | AE27: =S27*K27 | AF27: =T27*K27 | AG27: =U27*K27 | AH27: =V27*K27 | AI27: =W27*K27
A28: 1008 | B28: =IF(A28="","",IFERROR(INDEX(Mitarbeiter!$B$6:$B$205,MATCH($A28,Mitarbeiter!$A$6:$A$205,0)),"?")) | C28: Objekt 2 | D28: 46064 | E28: 46066 | F28: =IF(A28="","",SUM(L28:W28)) | G28: =IF(A28="","",SUM(X28:AI28)) | H28: =IF(A28="","",IF(ISNA(MATCH(A28,Mitarbeiter!$A$6:$A$205,0)),"Pers.-Nr. unbekannt",IF(D28="","Von fehlt",IF(AND(C28<>Einstellungen!$C$4,C28<>Einstellungen!$C$5),"Objekt fehlt",IF(J28<D28,"Bis vor Von",IF(D28<INDEX(Mitarbeiter!$C$6:$C$205,MATCH($A28,Mitarbeiter!$A$6:$A$205,0)),"vor Eintritt",IF(AND(INDEX(Mitarbeiter!$D$6:$D$205,MATCH($A28,Mitarbeiter!$A$6:$A$205,0))<>"",D28>INDEX(Mitarbeiter!$D$6:$D$205,MATCH($A28,Mitarbeiter!$A$6:$A$205,0))),"nach Austritt",IF(E28="","offen","ok")))))))) | J28: =IF(A28="","",IF(E28="",Einstellungen!$C$9,E28)) | K28: =IF(A28="",0,IFERROR(INDEX(Mitarbeiter!$F$6:$F$205,MATCH($A28,Mitarbeiter!$A$6:$A$205,0)),0)) | L28: =IF(OR(A28="",D28=""),0,MAX(0,NETWORKDAYS(MAX(D28,DATE(Einstellungen!$C$3,1,1)),MIN(J28,DATE(Einstellungen!$C$3,2,0)),Einstellungen!$F$13:$F$32))) | M28: =IF(OR(A28="",D28=""),0,MAX(0,NETWORKDAYS(MAX(D28,DATE(Einstellungen!$C$3,2,1)),MIN(J28,DATE(Einstellungen!$C$3,3,0)),Einstellungen!$F$13:$F$32))) | N28: =IF(OR(A28="",D28=""),0,MAX(0,NETWORKDAYS(MAX(D28,DATE(Einstellungen!$C$3,3,1)),MIN(J28,DATE(Einstellungen!$C$3,4,0)),Einstellungen!$F$13:$F$32))) | O28: =IF(OR(A28="",D28=""),0,MAX(0,NETWORKDAYS(MAX(D28,DATE(Einstellungen!$C$3,4,1)),MIN(J28,DATE(Einstellungen!$C$3,5,0)),Einstellungen!$F$13:$F$32))) | P28: =IF(OR(A28="",D28=""),0,MAX(0,NETWORKDAYS(MAX(D28,DATE(Einstellungen!$C$3,5,1)),MIN(J28,DATE(Einstellungen!$C$3,6,0)),Einstellungen!$F$13:$F$32))) | Q28: =IF(OR(A28="",D28=""),0,MAX(0,NETWORKDAYS(MAX(D28,DATE(Einstellungen!$C$3,6,1)),MIN(J28,DATE(Einstellungen!$C$3,7,0)),Einstellungen!$F$13:$F$32))) | R28: =IF(OR(A28="",D28=""),0,MAX(0,NETWORKDAYS(MAX(D28,DATE(Einstellungen!$C$3,7,1)),MIN(J28,DATE(Einstellungen!$C$3,8,0)),Einstellungen!$F$13:$F$32))) | S28: =IF(OR(A28="",D28=""),0,MAX(0,NETWORKDAYS(MAX(D28,DATE(Einstellungen!$C$3,8,1)),MIN(J28,DATE(Einstellungen!$C$3,9,0)),Einstellungen!$F$13:$F$32))) | T28: =IF(OR(A28="",D28=""),0,MAX(0,NETWORKDAYS(MAX(D28,DATE(Einstellungen!$C$3,9,1)),MIN(J28,DATE(Einstellungen!$C$3,10,0)),Einstellungen!$F$13:$F$32))) | U28: =IF(OR(A28="",D28=""),0,MAX(0,NETWORKDAYS(MAX(D28,DATE(Einstellungen!$C$3,10,1)),MIN(J28,DATE(Einstellungen!$C$3,11,0)),Einstellungen!$F$13:$F$32))) | V28: =IF(OR(A28="",D28=""),0,MAX(0,NETWORKDAYS(MAX(D28,DATE(Einstellungen!$C$3,11,1)),MIN(J28,DATE(Einstellungen!$C$3,12,0)),Einstellungen!$F$13:$F$32))) | W28: =IF(OR(A28="",D28=""),0,MAX(0,NETWORKDAYS(MAX(D28,DATE(Einstellungen!$C$3,12,1)),MIN(J28,DATE(Einstellungen!$C$3,13,0)),Einstellungen!$F$13:$F$32))) | X28: =L28*K28 | Y28: =M28*K28 | Z28: =N28*K28 | AA28: =O28*K28 | AB28: =P28*K28 | AC28: =Q28*K28 | AD28: =R28*K28 | AE28: =S28*K28 | AF28: =T28*K28 | AG28: =U28*K28 | AH28: =V28*K28 | AI28: =W28*K28
A29: 1011 | B29: =IF(A29="","",IFERROR(INDEX(Mitarbeiter!$B$6:$B$205,MATCH($A29,Mitarbeiter!$A$6:$A$205,0)),"?")) | C29: Objekt 1 | D29: 46074 | E29: 46087 | F29: =IF(A29="","",SUM(L29:W29)) | G29: =IF(A29="","",SUM(X29:AI29)) | H29: =IF(A29="","",IF(ISNA(MATCH(A29,Mitarbeiter!$A$6:$A$205,0)),"Pers.-Nr. unbekannt",IF(D29="","Von fehlt",IF(AND(C29<>Einstellungen!$C$4,C29<>Einstellungen!$C$5),"Objekt fehlt",IF(J29<D29,"Bis vor Von",IF(D29<INDEX(Mitarbeiter!$C$6:$C$205,MATCH($A29,Mitarbeiter!$A$6:$A$205,0)),"vor Eintritt",IF(AND(INDEX(Mitarbeiter!$D$6:$D$205,MATCH($A29,Mitarbeiter!$A$6:$A$205,0))<>"",D29>INDEX(Mitarbeiter!$D$6:$D$205,MATCH($A29,Mitarbeiter!$A$6:$A$205,0))),"nach Austritt",IF(E29="","offen","ok")))))))) | J29: =IF(A29="","",IF(E29="",Einstellungen!$C$9,E29)) | K29: =IF(A29="",0,IFERROR(INDEX(Mitarbeiter!$F$6:$F$205,MATCH($A29,Mitarbeiter!$A$6:$A$205,0)),0)) | L29: =IF(OR(A29="",D29=""),0,MAX(0,NETWORKDAYS(MAX(D29,DATE(Einstellungen!$C$3,1,1)),MIN(J29,DATE(Einstellungen!$C$3,2,0)),Einstellungen!$F$13:$F$32))) | M29: =IF(OR(A29="",D29=""),0,MAX(0,NETWORKDAYS(MAX(D29,DATE(Einstellungen!$C$3,2,1)),MIN(J29,DATE(Einstellungen!$C$3,3,0)),Einstellungen!$F$13:$F$32))) | N29: =IF(OR(A29="",D29=""),0,MAX(0,NETWORKDAYS(MAX(D29,DATE(Einstellungen!$C$3,3,1)),MIN(J29,DATE(Einstellungen!$C$3,4,0)),Einstellungen!$F$13:$F$32))) | O29: =IF(OR(A29="",D29=""),0,MAX(0,NETWORKDAYS(MAX(D29,DATE(Einstellungen!$C$3,4,1)),MIN(J29,DATE(Einstellungen!$C$3,5,0)),Einstellungen!$F$13:$F$32))) | P29: =IF(OR(A29="",D29=""),0,MAX(0,NETWORKDAYS(MAX(D29,DATE(Einstellungen!$C$3,5,1)),MIN(J29,DATE(Einstellungen!$C$3,6,0)),Einstellungen!$F$13:$F$32))) | Q29: =IF(OR(A29="",D29=""),0,MAX(0,NETWORKDAYS(MAX(D29,DATE(Einstellungen!$C$3,6,1)),MIN(J29,DATE(Einstellungen!$C$3,7,0)),Einstellungen!$F$13:$F$32))) | R29: =IF(OR(A29="",D29=""),0,MAX(0,NETWORKDAYS(MAX(D29,DATE(Einstellungen!$C$3,7,1)),MIN(J29,DATE(Einstellungen!$C$3,8,0)),Einstellungen!$F$13:$F$32))) | S29: =IF(OR(A29="",D29=""),0,MAX(0,NETWORKDAYS(MAX(D29,DATE(Einstellungen!$C$3,8,1)),MIN(J29,DATE(Einstellungen!$C$3,9,0)),Einstellungen!$F$13:$F$32))) | T29: =IF(OR(A29="",D29=""),0,MAX(0,NETWORKDAYS(MAX(D29,DATE(Einstellungen!$C$3,9,1)),MIN(J29,DATE(Einstellungen!$C$3,10,0)),Einstellungen!$F$13:$F$32))) | U29: =IF(OR(A29="",D29=""),0,MAX(0,NETWORKDAYS(MAX(D29,DATE(Einstellungen!$C$3,10,1)),MIN(J29,DATE(Einstellungen!$C$3,11,0)),Einstellungen!$F$13:$F$32))) | V29: =IF(OR(A29="",D29=""),0,MAX(0,NETWORKDAYS(MAX(D29,DATE(Einstellungen!$C$3,11,1)),MIN(J29,DATE(Einstellungen!$C$3,12,0)),Einstellungen!$F$13:$F$32))) | W29: =IF(OR(A29="",D29=""),0,MAX(0,NETWORKDAYS(MAX(D29,DATE(Einstellungen!$C$3,12,1)),MIN(J29,DATE(Einstellungen!$C$3,13,0)),Einstellungen!$F$13:$F$32))) | X29: =L29*K29 | Y29: =M29*K29 | Z29: =N29*K29 | AA29: =O29*K29 | AB29: =P29*K29 | AC29: =Q29*K29 | AD29: =R29*K29 | AE29: =S29*K29 | AF29: =T29*K29 | AG29: =U29*K29 | AH29: =V29*K29 | AI29: =W29*K29
A30: 1008 | B30: =IF(A30="","",IFERROR(INDEX(Mitarbeiter!$B$6:$B$205,MATCH($A30,Mitarbeiter!$A$6:$A$205,0)),"?")) | C30: Objekt 1 | D30: 46075 | E30: 46095 | F30: =IF(A30="","",SUM(L30:W30)) | G30: =IF(A30="","",SUM(X30:AI30)) | H30: =IF(A30="","",IF(ISNA(MATCH(A30,Mitarbeiter!$A$6:$A$205,0)),"Pers.-Nr. unbekannt",IF(D30="","Von fehlt",IF(AND(C30<>Einstellungen!$C$4,C30<>Einstellungen!$C$5),"Objekt fehlt",IF(J30<D30,"Bis vor Von",IF(D30<INDEX(Mitarbeiter!$C$6:$C$205,MATCH($A30,Mitarbeiter!$A$6:$A$205,0)),"vor Eintritt",IF(AND(INDEX(Mitarbeiter!$D$6:$D$205,MATCH($A30,Mitarbeiter!$A$6:$A$205,0))<>"",D30>INDEX(Mitarbeiter!$D$6:$D$205,MATCH($A30,Mitarbeiter!$A$6:$A$205,0))),"nach Austritt",IF(E30="","offen","ok")))))))) | J30: =IF(A30="","",IF(E30="",Einstellungen!$C$9,E30)) | K30: =IF(A30="",0,IFERROR(INDEX(Mitarbeiter!$F$6:$F$205,MATCH($A30,Mitarbeiter!$A$6:$A$205,0)),0)) | L30: =IF(OR(A30="",D30=""),0,MAX(0,NETWORKDAYS(MAX(D30,DATE(Einstellungen!$C$3,1,1)),MIN(J30,DATE(Einstellungen!$C$3,2,0)),Einstellungen!$F$13:$F$32))) | M30: =IF(OR(A30="",D30=""),0,MAX(0,NETWORKDAYS(MAX(D30,DATE(Einstellungen!$C$3,2,1)),MIN(J30,DATE(Einstellungen!$C$3,3,0)),Einstellungen!$F$13:$F$32))) | N30: =IF(OR(A30="",D30=""),0,MAX(0,NETWORKDAYS(MAX(D30,DATE(Einstellungen!$C$3,3,1)),MIN(J30,DATE(Einstellungen!$C$3,4,0)),Einstellungen!$F$13:$F$32))) | O30: =IF(OR(A30="",D30=""),0,MAX(0,NETWORKDAYS(MAX(D30,DATE(Einstellungen!$C$3,4,1)),MIN(J30,DATE(Einstellungen!$C$3,5,0)),Einstellungen!$F$13:$F$32))) | P30: =IF(OR(A30="",D30=""),0,MAX(0,NETWORKDAYS(MAX(D30,DATE(Einstellungen!$C$3,5,1)),MIN(J30,DATE(Einstellungen!$C$3,6,0)),Einstellungen!$F$13:$F$32))) | Q30: =IF(OR(A30="",D30=""),0,MAX(0,NETWORKDAYS(MAX(D30,DATE(Einstellungen!$C$3,6,1)),MIN(J30,DATE(Einstellungen!$C$3,7,0)),Einstellungen!$F$13:$F$32))) | R30: =IF(OR(A30="",D30=""),0,MAX(0,NETWORKDAYS(MAX(D30,DATE(Einstellungen!$C$3,7,1)),MIN(J30,DATE(Einstellungen!$C$3,8,0)),Einstellungen!$F$13:$F$32))) | S30: =IF(OR(A30="",D30=""),0,MAX(0,NETWORKDAYS(MAX(D30,DATE(Einstellungen!$C$3,8,1)),MIN(J30,DATE(Einstellungen!$C$3,9,0)),Einstellungen!$F$13:$F$32))) | T30: =IF(OR(A30="",D30=""),0,MAX(0,NETWORKDAYS(MAX(D30,DATE(Einstellungen!$C$3,9,1)),MIN(J30,DATE(Einstellungen!$C$3,10,0)),Einstellungen!$F$13:$F$32))) | U30: =IF(OR(A30="",D30=""),0,MAX(0,NETWORKDAYS(MAX(D30,DATE(Einstellungen!$C$3,10,1)),MIN(J30,DATE(Einstellungen!$C$3,11,0)),Einstellungen!$F$13:$F$32))) | V30: =IF(OR(A30="",D30=""),0,MAX(0,NETWORKDAYS(MAX(D30,DATE(Einstellungen!$C$3,11,1)),MIN(J30,DATE(Einstellungen!$C$3,12,0)),Einstellungen!$F$13:$F$32))) | W30: =IF(OR(A30="",D30=""),0,MAX(0,NETWORKDAYS(MAX(D30,DATE(Einstellungen!$C$3,12,1)),MIN(J30,DATE(Einstellungen!$C$3,13,0)),Einstellungen!$F$13:$F$32))) | X30: =L30*K30 | Y30: =M30*K30 | Z30: =N30*K30 | AA30: =O30*K30 | AB30: =P30*K30 | AC30: =Q30*K30 | AD30: =R30*K30 | AE30: =S30*K30 | AF30: =T30*K30 | AG30: =U30*K30 | AH30: =V30*K30 | AI30: =W30*K30
A31: 1042 | B31: =IF(A31="","",IFERROR(INDEX(Mitarbeiter!$B$6:$B$205,MATCH($A31,Mitarbeiter!$A$6:$A$205,0)),"?")) | C31: Objekt 1 | D31: 46076 | E31: 46078 | F31: =IF(A31="","",SUM(L31:W31)) | G31: =IF(A31="","",SUM(X31:AI31)) | H31: =IF(A31="","",IF(ISNA(MATCH(A31,Mitarbeiter!$A$6:$A$205,0)),"Pers.-Nr. unbekannt",IF(D31="","Von fehlt",IF(AND(C31<>Einstellungen!$C$4,C31<>Einstellungen!$C$5),"Objekt fehlt",IF(J31<D31,"Bis vor Von",IF(D31<INDEX(Mitarbeiter!$C$6:$C$205,MATCH($A31,Mitarbeiter!$A$6:$A$205,0)),"vor Eintritt",IF(AND(INDEX(Mitarbeiter!$D$6:$D$205,MATCH($A31,Mitarbeiter!$A$6:$A$205,0))<>"",D31>INDEX(Mitarbeiter!$D$6:$D$205,MATCH($A31,Mitarbeiter!$A$6:$A$205,0))),"nach Austritt",IF(E31="","offen","ok")))))))) | J31: =IF(A31="","",IF(E31="",Einstellungen!$C$9,E31)) | K31: =IF(A31="",0,IFERROR(INDEX(Mitarbeiter!$F$6:$F$205,MATCH($A31,Mitarbeiter!$A$6:$A$205,0)),0)) | L31: =IF(OR(A31="",D31=""),0,MAX(0,NETWORKDAYS(MAX(D31,DATE(Einstellungen!$C$3,1,1)),MIN(J31,DATE(Einstellungen!$C$3,2,0)),Einstellungen!$F$13:$F$32))) | M31: =IF(OR(A31="",D31=""),0,MAX(0,NETWORKDAYS(MAX(D31,DATE(Einstellungen!$C$3,2,1)),MIN(J31,DATE(Einstellungen!$C$3,3,0)),Einstellungen!$F$13:$F$32))) | N31: =IF(OR(A31="",D31=""),0,MAX(0,NETWORKDAYS(MAX(D31,DATE(Einstellungen!$C$3,3,1)),MIN(J31,DATE(Einstellungen!$C$3,4,0)),Einstellungen!$F$13:$F$32))) | O31: =IF(OR(A31="",D31=""),0,MAX(0,NETWORKDAYS(MAX(D31,DATE(Einstellungen!$C$3,4,1)),MIN(J31,DATE(Einstellungen!$C$3,5,0)),Einstellungen!$F$13:$F$32))) | P31: =IF(OR(A31="",D31=""),0,MAX(0,NETWORKDAYS(MAX(D31,DATE(Einstellungen!$C$3,5,1)),MIN(J31,DATE(Einstellungen!$C$3,6,0)),Einstellungen!$F$13:$F$32))) | Q31: =IF(OR(A31="",D31=""),0,MAX(0,NETWORKDAYS(MAX(D31,DATE(Einstellungen!$C$3,6,1)),MIN(J31,DATE(Einstellungen!$C$3,7,0)),Einstellungen!$F$13:$F$32))) | R31: =IF(OR(A31="",D31=""),0,MAX(0,NETWORKDAYS(MAX(D31,DATE(Einstellungen!$C$3,7,1)),MIN(J31,DATE(Einstellungen!$C$3,8,0)),Einstellungen!$F$13:$F$32))) | S31: =IF(OR(A31="",D31=""),0,MAX(0,NETWORKDAYS(MAX(D31,DATE(Einstellungen!$C$3,8,1)),MIN(J31,DATE(Einstellungen!$C$3,9,0)),Einstellungen!$F$13:$F$32))) | T31: =IF(OR(A31="",D31=""),0,MAX(0,NETWORKDAYS(MAX(D31,DATE(Einstellungen!$C$3,9,1)),MIN(J31,DATE(Einstellungen!$C$3,10,0)),Einstellungen!$F$13:$F$32))) | U31: =IF(OR(A31="",D31=""),0,MAX(0,NETWORKDAYS(MAX(D31,DATE(Einstellungen!$C$3,10,1)),MIN(J31,DATE(Einstellungen!$C$3,11,0)),Einstellungen!$F$13:$F$32))) | V31: =IF(OR(A31="",D31=""),0,MAX(0,NETWORKDAYS(MAX(D31,DATE(Einstellungen!$C$3,11,1)),MIN(J31,DATE(Einstellungen!$C$3,12,0)),Einstellungen!$F$13:$F$32))) | W31: =IF(OR(A31="",D31=""),0,MAX(0,NETWORKDAYS(MAX(D31,DATE(Einstellungen!$C$3,12,1)),MIN(J31,DATE(Einstellungen!$C$3,13,0)),Einstellungen!$F$13:$F$32))) | X31: =L31*K31 | Y31: =M31*K31 | Z31: =N31*K31 | AA31: =O31*K31 | AB31: =P31*K31 | AC31: =Q31*K31 | AD31: =R31*K31 | AE31: =S31*K31 | AF31: =T31*K31 | AG31: =U31*K31 | AH31: =V31*K31 | AI31: =W31*K31
A32: 1031 | B32: =IF(A32="","",IFERROR(INDEX(Mitarbeiter!$B$6:$B$205,MATCH($A32,Mitarbeiter!$A$6:$A$205,0)),"?")) | C32: Objekt 1 | D32: 46078 | E32: 46082 | F32: =IF(A32="","",SUM(L32:W32)) | G32: =IF(A32="","",SUM(X32:AI32)) | H32: =IF(A32="","",IF(ISNA(MATCH(A32,Mitarbeiter!$A$6:$A$205,0)),"Pers.-Nr. unbekannt",IF(D32="","Von fehlt",IF(AND(C32<>Einstellungen!$C$4,C32<>Einstellungen!$C$5),"Objekt fehlt",IF(J32<D32,"Bis vor Von",IF(D32<INDEX(Mitarbeiter!$C$6:$C$205,MATCH($A32,Mitarbeiter!$A$6:$A$205,0)),"vor Eintritt",IF(AND(INDEX(Mitarbeiter!$D$6:$D$205,MATCH($A32,Mitarbeiter!$A$6:$A$205,0))<>"",D32>INDEX(Mitarbeiter!$D$6:$D$205,MATCH($A32,Mitarbeiter!$A$6:$A$205,0))),"nach Austritt",IF(E32="","offen","ok")))))))) | J32: =IF(A32="","",IF(E32="",Einstellungen!$C$9,E32)) | K32: =IF(A32="",0,IFERROR(INDEX(Mitarbeiter!$F$6:$F$205,MATCH($A32,Mitarbeiter!$A$6:$A$205,0)),0)) | L32: =IF(OR(A32="",D32=""),0,MAX(0,NETWORKDAYS(MAX(D32,DATE(Einstellungen!$C$3,1,1)),MIN(J32,DATE(Einstellungen!$C$3,2,0)),Einstellungen!$F$13:$F$32))) | M32: =IF(OR(A32="",D32=""),0,MAX(0,NETWORKDAYS(MAX(D32,DATE(Einstellungen!$C$3,2,1)),MIN(J32,DATE(Einstellungen!$C$3,3,0)),Einstellungen!$F$13:$F$32))) | N32: =IF(OR(A32="",D32=""),0,MAX(0,NETWORKDAYS(MAX(D32,DATE(Einstellungen!$C$3,3,1)),MIN(J32,DATE(Einstellungen!$C$3,4,0)),Einstellungen!$F$13:$F$32))) | O32: =IF(OR(A32="",D32=""),0,MAX(0,NETWORKDAYS(MAX(D32,DATE(Einstellungen!$C$3,4,1)),MIN(J32,DATE(Einstellungen!$C$3,5,0)),Einstellungen!$F$13:$F$32))) | P32: =IF(OR(A32="",D32=""),0,MAX(0,NETWORKDAYS(MAX(D32,DATE(Einstellungen!$C$3,5,1)),MIN(J32,DATE(Einstellungen!$C$3,6,0)),Einstellungen!$F$13:$F$32))) | Q32: =IF(OR(A32="",D32=""),0,MAX(0,NETWORKDAYS(MAX(D32,DATE(Einstellungen!$C$3,6,1)),MIN(J32,DATE(Einstellungen!$C$3,7,0)),Einstellungen!$F$13:$F$32))) | R32: =IF(OR(A32="",D32=""),0,MAX(0,NETWORKDAYS(MAX(D32,DATE(Einstellungen!$C$3,7,1)),MIN(J32,DATE(Einstellungen!$C$3,8,0)),Einstellungen!$F$13:$F$32))) | S32: =IF(OR(A32="",D32=""),0,MAX(0,NETWORKDAYS(MAX(D32,DATE(Einstellungen!$C$3,8,1)),MIN(J32,DATE(Einstellungen!$C$3,9,0)),Einstellungen!$F$13:$F$32))) | T32: =IF(OR(A32="",D32=""),0,MAX(0,NETWORKDAYS(MAX(D32,DATE(Einstellungen!$C$3,9,1)),MIN(J32,DATE(Einstellungen!$C$3,10,0)),Einstellungen!$F$13:$F$32))) | U32: =IF(OR(A32="",D32=""),0,MAX(0,NETWORKDAYS(MAX(D32,DATE(Einstellungen!$C$3,10,1)),MIN(J32,DATE(Einstellungen!$C$3,11,0)),Einstellungen!$F$13:$F$32))) | V32: =IF(OR(A32="",D32=""),0,MAX(0,NETWORKDAYS(MAX(D32,DATE(Einstellungen!$C$3,11,1)),MIN(J32,DATE(Einstellungen!$C$3,12,0)),Einstellungen!$F$13:$F$32))) | W32: =IF(OR(A32="",D32=""),0,MAX(0,NETWORKDAYS(MAX(D32,DATE(Einstellungen!$C$3,12,1)),MIN(J32,DATE(Einstellungen!$C$3,13,0)),Einstellungen!$F$13:$F$32))) | X32: =L32*K32 | Y32: =M32*K32 | Z32: =N32*K32 | AA32: =O32*K32 | AB32: =P32*K32 | AC32: =Q32*K32 | AD32: =R32*K32 | AE32: =S32*K32 | AF32: =T32*K32 | AG32: =U32*K32 | AH32: =V32*K32 | AI32: =W32*K32
A33: 1048 | B33: =IF(A33="","",IFERROR(INDEX(Mitarbeiter!$B$6:$B$205,MATCH($A33,Mitarbeiter!$A$6:$A$205,0)),"?")) | C33: Objekt 2 | D33: 46083 | E33: 46083 | F33: =IF(A33="","",SUM(L33:W33)) | G33: =IF(A33="","",SUM(X33:AI33)) | H33: =IF(A33="","",IF(ISNA(MATCH(A33,Mitarbeiter!$A$6:$A$205,0)),"Pers.-Nr. unbekannt",IF(D33="","Von fehlt",IF(AND(C33<>Einstellungen!$C$4,C33<>Einstellungen!$C$5),"Objekt fehlt",IF(J33<D33,"Bis vor Von",IF(D33<INDEX(Mitarbeiter!$C$6:$C$205,MATCH($A33,Mitarbeiter!$A$6:$A$205,0)),"vor Eintritt",IF(AND(INDEX(Mitarbeiter!$D$6:$D$205,MATCH($A33,Mitarbeiter!$A$6:$A$205,0))<>"",D33>INDEX(Mitarbeiter!$D$6:$D$205,MATCH($A33,Mitarbeiter!$A$6:$A$205,0))),"nach Austritt",IF(E33="","offen","ok")))))))) | J33: =IF(A33="","",IF(E33="",Einstellungen!$C$9,E33)) | K33: =IF(A33="",0,IFERROR(INDEX(Mitarbeiter!$F$6:$F$205,MATCH($A33,Mitarbeiter!$A$6:$A$205,0)),0)) | L33: =IF(OR(A33="",D33=""),0,MAX(0,NETWORKDAYS(MAX(D33,DATE(Einstellungen!$C$3,1,1)),MIN(J33,DATE(Einstellungen!$C$3,2,0)),Einstellungen!$F$13:$F$32))) | M33: =IF(OR(A33="",D33=""),0,MAX(0,NETWORKDAYS(MAX(D33,DATE(Einstellungen!$C$3,2,1)),MIN(J33,DATE(Einstellungen!$C$3,3,0)),Einstellungen!$F$13:$F$32))) | N33: =IF(OR(A33="",D33=""),0,MAX(0,NETWORKDAYS(MAX(D33,DATE(Einstellungen!$C$3,3,1)),MIN(J33,DATE(Einstellungen!$C$3,4,0)),Einstellungen!$F$13:$F$32))) | O33: =IF(OR(A33="",D33=""),0,MAX(0,NETWORKDAYS(MAX(D33,DATE(Einstellungen!$C$3,4,1)),MIN(J33,DATE(Einstellungen!$C$3,5,0)),Einstellungen!$F$13:$F$32))) | P33: =IF(OR(A33="",D33=""),0,MAX(0,NETWORKDAYS(MAX(D33,DATE(Einstellungen!$C$3,5,1)),MIN(J33,DATE(Einstellungen!$C$3,6,0)),Einstellungen!$F$13:$F$32))) | Q33: =IF(OR(A33="",D33=""),0,MAX(0,NETWORKDAYS(MAX(D33,DATE(Einstellungen!$C$3,6,1)),MIN(J33,DATE(Einstellungen!$C$3,7,0)),Einstellungen!$F$13:$F$32))) | R33: =IF(OR(A33="",D33=""),0,MAX(0,NETWORKDAYS(MAX(D33,DATE(Einstellungen!$C$3,7,1)),MIN(J33,DATE(Einstellungen!$C$3,8,0)),Einstellungen!$F$13:$F$32))) | S33: =IF(OR(A33="",D33=""),0,MAX(0,NETWORKDAYS(MAX(D33,DATE(Einstellungen!$C$3,8,1)),MIN(J33,DATE(Einstellungen!$C$3,9,0)),Einstellungen!$F$13:$F$32))) | T33: =IF(OR(A33="",D33=""),0,MAX(0,NETWORKDAYS(MAX(D33,DATE(Einstellungen!$C$3,9,1)),MIN(J33,DATE(Einstellungen!$C$3,10,0)),Einstellungen!$F$13:$F$32))) | U33: =IF(OR(A33="",D33=""),0,MAX(0,NETWORKDAYS(MAX(D33,DATE(Einstellungen!$C$3,10,1)),MIN(J33,DATE(Einstellungen!$C$3,11,0)),Einstellungen!$F$13:$F$32))) | V33: =IF(OR(A33="",D33=""),0,MAX(0,NETWORKDAYS(MAX(D33,DATE(Einstellungen!$C$3,11,1)),MIN(J33,DATE(Einstellungen!$C$3,12,0)),Einstellungen!$F$13:$F$32))) | W33: =IF(OR(A33="",D33=""),0,MAX(0,NETWORKDAYS(MAX(D33,DATE(Einstellungen!$C$3,12,1)),MIN(J33,DATE(Einstellungen!$C$3,13,0)),Einstellungen!$F$13:$F$32))) | X33: =L33*K33 | Y33: =M33*K33 | Z33: =N33*K33 | AA33: =O33*K33 | AB33: =P33*K33 | AC33: =Q33*K33 | AD33: =R33*K33 | AE33: =S33*K33 | AF33: =T33*K33 | AG33: =U33*K33 | AH33: =V33*K33 | AI33: =W33*K33
A34: 1042 | B34: =IF(A34="","",IFERROR(INDEX(Mitarbeiter!$B$6:$B$205,MATCH($A34,Mitarbeiter!$A$6:$A$205,0)),"?")) | C34: Objekt 1 | D34: 46084 | E34: 46090 | F34: =IF(A34="","",SUM(L34:W34)) | G34: =IF(A34="","",SUM(X34:AI34)) | H34: =IF(A34="","",IF(ISNA(MATCH(A34,Mitarbeiter!$A$6:$A$205,0)),"Pers.-Nr. unbekannt",IF(D34="","Von fehlt",IF(AND(C34<>Einstellungen!$C$4,C34<>Einstellungen!$C$5),"Objekt fehlt",IF(J34<D34,"Bis vor Von",IF(D34<INDEX(Mitarbeiter!$C$6:$C$205,MATCH($A34,Mitarbeiter!$A$6:$A$205,0)),"vor Eintritt",IF(AND(INDEX(Mitarbeiter!$D$6:$D$205,MATCH($A34,Mitarbeiter!$A$6:$A$205,0))<>"",D34>INDEX(Mitarbeiter!$D$6:$D$205,MATCH($A34,Mitarbeiter!$A$6:$A$205,0))),"nach Austritt",IF(E34="","offen","ok")))))))) | J34: =IF(A34="","",IF(E34="",Einstellungen!$C$9,E34)) | K34: =IF(A34="",0,IFERROR(INDEX(Mitarbeiter!$F$6:$F$205,MATCH($A34,Mitarbeiter!$A$6:$A$205,0)),0)) | L34: =IF(OR(A34="",D34=""),0,MAX(0,NETWORKDAYS(MAX(D34,DATE(Einstellungen!$C$3,1,1)),MIN(J34,DATE(Einstellungen!$C$3,2,0)),Einstellungen!$F$13:$F$32))) | M34: =IF(OR(A34="",D34=""),0,MAX(0,NETWORKDAYS(MAX(D34,DATE(Einstellungen!$C$3,2,1)),MIN(J34,DATE(Einstellungen!$C$3,3,0)),Einstellungen!$F$13:$F$32))) | N34: =IF(OR(A34="",D34=""),0,MAX(0,NETWORKDAYS(MAX(D34,DATE(Einstellungen!$C$3,3,1)),MIN(J34,DATE(Einstellungen!$C$3,4,0)),Einstellungen!$F$13:$F$32))) | O34: =IF(OR(A34="",D34=""),0,MAX(0,NETWORKDAYS(MAX(D34,DATE(Einstellungen!$C$3,4,1)),MIN(J34,DATE(Einstellungen!$C$3,5,0)),Einstellungen!$F$13:$F$32))) | P34: =IF(OR(A34="",D34=""),0,MAX(0,NETWORKDAYS(MAX(D34,DATE(Einstellungen!$C$3,5,1)),MIN(J34,DATE(Einstellungen!$C$3,6,0)),Einstellungen!$F$13:$F$32))) | Q34: =IF(OR(A34="",D34=""),0,MAX(0,NETWORKDAYS(MAX(D34,DATE(Einstellungen!$C$3,6,1)),MIN(J34,DATE(Einstellungen!$C$3,7,0)),Einstellungen!$F$13:$F$32))) | R34: =IF(OR(A34="",D34=""),0,MAX(0,NETWORKDAYS(MAX(D34,DATE(Einstellungen!$C$3,7,1)),MIN(J34,DATE(Einstellungen!$C$3,8,0)),Einstellungen!$F$13:$F$32))) | S34: =IF(OR(A34="",D34=""),0,MAX(0,NETWORKDAYS(MAX(D34,DATE(Einstellungen!$C$3,8,1)),MIN(J34,DATE(Einstellungen!$C$3,9,0)),Einstellungen!$F$13:$F$32))) | T34: =IF(OR(A34="",D34=""),0,MAX(0,NETWORKDAYS(MAX(D34,DATE(Einstellungen!$C$3,9,1)),MIN(J34,DATE(Einstellungen!$C$3,10,0)),Einstellungen!$F$13:$F$32))) | U34: =IF(OR(A34="",D34=""),0,MAX(0,NETWORKDAYS(MAX(D34,DATE(Einstellungen!$C$3,10,1)),MIN(J34,DATE(Einstellungen!$C$3,11,0)),Einstellungen!$F$13:$F$32))) | V34: =IF(OR(A34="",D34=""),0,MAX(0,NETWORKDAYS(MAX(D34,DATE(Einstellungen!$C$3,11,1)),MIN(J34,DATE(Einstellungen!$C$3,12,0)),Einstellungen!$F$13:$F$32))) | W34: =IF(OR(A34="",D34=""),0,MAX(0,NETWORKDAYS(MAX(D34,DATE(Einstellungen!$C$3,12,1)),MIN(J34,DATE(Einstellungen!$C$3,13,0)),Einstellungen!$F$13:$F$32))) | X34: =L34*K34 | Y34: =M34*K34 | Z34: =N34*K34 | AA34: =O34*K34 | AB34: =P34*K34 | AC34: =Q34*K34 | AD34: =R34*K34 | AE34: =S34*K34 | AF34: =T34*K34 | AG34: =U34*K34 | AH34: =V34*K34 | AI34: =W34*K34
A35: 1031 | B35: =IF(A35="","",IFERROR(INDEX(Mitarbeiter!$B$6:$B$205,MATCH($A35,Mitarbeiter!$A$6:$A$205,0)),"?")) | C35: Objekt 2 | D35: 46085 | E35: 46091 | F35: =IF(A35="","",SUM(L35:W35)) | G35: =IF(A35="","",SUM(X35:AI35)) | H35: =IF(A35="","",IF(ISNA(MATCH(A35,Mitarbeiter!$A$6:$A$205,0)),"Pers.-Nr. unbekannt",IF(D35="","Von fehlt",IF(AND(C35<>Einstellungen!$C$4,C35<>Einstellungen!$C$5),"Objekt fehlt",IF(J35<D35,"Bis vor Von",IF(D35<INDEX(Mitarbeiter!$C$6:$C$205,MATCH($A35,Mitarbeiter!$A$6:$A$205,0)),"vor Eintritt",IF(AND(INDEX(Mitarbeiter!$D$6:$D$205,MATCH($A35,Mitarbeiter!$A$6:$A$205,0))<>"",D35>INDEX(Mitarbeiter!$D$6:$D$205,MATCH($A35,Mitarbeiter!$A$6:$A$205,0))),"nach Austritt",IF(E35="","offen","ok")))))))) | J35: =IF(A35="","",IF(E35="",Einstellungen!$C$9,E35)) | K35: =IF(A35="",0,IFERROR(INDEX(Mitarbeiter!$F$6:$F$205,MATCH($A35,Mitarbeiter!$A$6:$A$205,0)),0)) | L35: =IF(OR(A35="",D35=""),0,MAX(0,NETWORKDAYS(MAX(D35,DATE(Einstellungen!$C$3,1,1)),MIN(J35,DATE(Einstellungen!$C$3,2,0)),Einstellungen!$F$13:$F$32))) | M35: =IF(OR(A35="",D35=""),0,MAX(0,NETWORKDAYS(MAX(D35,DATE(Einstellungen!$C$3,2,1)),MIN(J35,DATE(Einstellungen!$C$3,3,0)),Einstellungen!$F$13:$F$32))) | N35: =IF(OR(A35="",D35=""),0,MAX(0,NETWORKDAYS(MAX(D35,DATE(Einstellungen!$C$3,3,1)),MIN(J35,DATE(Einstellungen!$C$3,4,0)),Einstellungen!$F$13:$F$32))) | O35: =IF(OR(A35="",D35=""),0,MAX(0,NETWORKDAYS(MAX(D35,DATE(Einstellungen!$C$3,4,1)),MIN(J35,DATE(Einstellungen!$C$3,5,0)),Einstellungen!$F$13:$F$32))) | P35: =IF(OR(A35="",D35=""),0,MAX(0,NETWORKDAYS(MAX(D35,DATE(Einstellungen!$C$3,5,1)),MIN(J35,DATE(Einstellungen!$C$3,6,0)),Einstellungen!$F$13:$F$32))) | Q35: =IF(OR(A35="",D35=""),0,MAX(0,NETWORKDAYS(MAX(D35,DATE(Einstellungen!$C$3,6,1)),MIN(J35,DATE(Einstellungen!$C$3,7,0)),Einstellungen!$F$13:$F$32))) | R35: =IF(OR(A35="",D35=""),0,MAX(0,NETWORKDAYS(MAX(D35,DATE(Einstellungen!$C$3,7,1)),MIN(J35,DATE(Einstellungen!$C$3,8,0)),Einstellungen!$F$13:$F$32))) | S35: =IF(OR(A35="",D35=""),0,MAX(0,NETWORKDAYS(MAX(D35,DATE(Einstellungen!$C$3,8,1)),MIN(J35,DATE(Einstellungen!$C$3,9,0)),Einstellungen!$F$13:$F$32))) | T35: =IF(OR(A35="",D35=""),0,MAX(0,NETWORKDAYS(MAX(D35,DATE(Einstellungen!$C$3,9,1)),MIN(J35,DATE(Einstellungen!$C$3,10,0)),Einstellungen!$F$13:$F$32))) | U35: =IF(OR(A35="",D35=""),0,MAX(0,NETWORKDAYS(MAX(D35,DATE(Einstellungen!$C$3,10,1)),MIN(J35,DATE(Einstellungen!$C$3,11,0)),Einstellungen!$F$13:$F$32))) | V35: =IF(OR(A35="",D35=""),0,MAX(0,NETWORKDAYS(MAX(D35,DATE(Einstellungen!$C$3,11,1)),MIN(J35,DATE(Einstellungen!$C$3,12,0)),Einstellungen!$F$13:$F$32))) | W35: =IF(OR(A35="",D35=""),0,MAX(0,NETWORKDAYS(MAX(D35,DATE(Einstellungen!$C$3,12,1)),MIN(J35,DATE(Einstellungen!$C$3,13,0)),Einstellungen!$F$13:$F$32))) | X35: =L35*K35 | Y35: =M35*K35 | Z35: =N35*K35 | AA35: =O35*K35 | AB35: =P35*K35 | AC35: =Q35*K35 | AD35: =R35*K35 | AE35: =S35*K35 | AF35: =T35*K35 | AG35: =U35*K35 | AH35: =V35*K35 | AI35: =W35*K35
A36: 1029 | B36: =IF(A36="","",IFERROR(INDEX(Mitarbeiter!$B$6:$B$205,MATCH($A36,Mitarbeiter!$A$6:$A$205,0)),"?")) | C36: Objekt 2 | D36: 46087 | E36: 46089 | F36: =IF(A36="","",SUM(L36:W36)) | G36: =IF(A36="","",SUM(X36:AI36)) | H36: =IF(A36="","",IF(ISNA(MATCH(A36,Mitarbeiter!$A$6:$A$205,0)),"Pers.-Nr. unbekannt",IF(D36="","Von fehlt",IF(AND(C36<>Einstellungen!$C$4,C36<>Einstellungen!$C$5),"Objekt fehlt",IF(J36<D36,"Bis vor Von",IF(D36<INDEX(Mitarbeiter!$C$6:$C$205,MATCH($A36,Mitarbeiter!$A$6:$A$205,0)),"vor Eintritt",IF(AND(INDEX(Mitarbeiter!$D$6:$D$205,MATCH($A36,Mitarbeiter!$A$6:$A$205,0))<>"",D36>INDEX(Mitarbeiter!$D$6:$D$205,MATCH($A36,Mitarbeiter!$A$6:$A$205,0))),"nach Austritt",IF(E36="","offen","ok")))))))) | J36: =IF(A36="","",IF(E36="",Einstellungen!$C$9,E36)) | K36: =IF(A36="",0,IFERROR(INDEX(Mitarbeiter!$F$6:$F$205,MATCH($A36,Mitarbeiter!$A$6:$A$205,0)),0)) | L36: =IF(OR(A36="",D36=""),0,MAX(0,NETWORKDAYS(MAX(D36,DATE(Einstellungen!$C$3,1,1)),MIN(J36,DATE(Einstellungen!$C$3,2,0)),Einstellungen!$F$13:$F$32))) | M36: =IF(OR(A36="",D36=""),0,MAX(0,NETWORKDAYS(MAX(D36,DATE(Einstellungen!$C$3,2,1)),MIN(J36,DATE(Einstellungen!$C$3,3,0)),Einstellungen!$F$13:$F$32))) | N36: =IF(OR(A36="",D36=""),0,MAX(0,NETWORKDAYS(MAX(D36,DATE(Einstellungen!$C$3,3,1)),MIN(J36,DATE(Einstellungen!$C$3,4,0)),Einstellungen!$F$13:$F$32))) | O36: =IF(OR(A36="",D36=""),0,MAX(0,NETWORKDAYS(MAX(D36,DATE(Einstellungen!$C$3,4,1)),MIN(J36,DATE(Einstellungen!$C$3,5,0)),Einstellungen!$F$13:$F$32))) | P36: =IF(OR(A36="",D36=""),0,MAX(0,NETWORKDAYS(MAX(D36,DATE(Einstellungen!$C$3,5,1)),MIN(J36,DATE(Einstellungen!$C$3,6,0)),Einstellungen!$F$13:$F$32))) | Q36: =IF(OR(A36="",D36=""),0,MAX(0,NETWORKDAYS(MAX(D36,DATE(Einstellungen!$C$3,6,1)),MIN(J36,DATE(Einstellungen!$C$3,7,0)),Einstellungen!$F$13:$F$32))) | R36: =IF(OR(A36="",D36=""),0,MAX(0,NETWORKDAYS(MAX(D36,DATE(Einstellungen!$C$3,7,1)),MIN(J36,DATE(Einstellungen!$C$3,8,0)),Einstellungen!$F$13:$F$32))) | S36: =IF(OR(A36="",D36=""),0,MAX(0,NETWORKDAYS(MAX(D36,DATE(Einstellungen!$C$3,8,1)),MIN(J36,DATE(Einstellungen!$C$3,9,0)),Einstellungen!$F$13:$F$32))) | T36: =IF(OR(A36="",D36=""),0,MAX(0,NETWORKDAYS(MAX(D36,DATE(Einstellungen!$C$3,9,1)),MIN(J36,DATE(Einstellungen!$C$3,10,0)),Einstellungen!$F$13:$F$32))) | U36: =IF(OR(A36="",D36=""),0,MAX(0,NETWORKDAYS(MAX(D36,DATE(Einstellungen!$C$3,10,1)),MIN(J36,DATE(Einstellungen!$C$3,11,0)),Einstellungen!$F$13:$F$32))) | V36: =IF(OR(A36="",D36=""),0,MAX(0,NETWORKDAYS(MAX(D36,DATE(Einstellungen!$C$3,11,1)),MIN(J36,DATE(Einstellungen!$C$3,12,0)),Einstellungen!$F$13:$F$32))) | W36: =IF(OR(A36="",D36=""),0,MAX(0,NETWORKDAYS(MAX(D36,DATE(Einstellungen!$C$3,12,1)),MIN(J36,DATE(Einstellungen!$C$3,13,0)),Einstellungen!$F$13:$F$32))) | X36: =L36*K36 | Y36: =M36*K36 | Z36: =N36*K36 | AA36: =O36*K36 | AB36: =P36*K36 | AC36: =Q36*K36 | AD36: =R36*K36 | AE36: =S36*K36 | AF36: =T36*K36 | AG36: =U36*K36 | AH36: =V36*K36 | AI36: =W36*K36
... A60: 1024 | B60: =IF(A60="","",IFERROR(INDEX(Mitarbeiter!$B$6:$B$205,MATCH($A60,Mitarbeiter!$A$6:$A$205,0)),"?")) | C60: Objekt 2 | D60: 46123 | E60: 46129 | F60: =IF(A60="","",SUM(L60:W60)) | G60: =IF(A60="","",SUM(X60:AI60)) | H60: =IF(A60="","",IF(ISNA(MATCH(A60,Mitarbeiter!$A$6:$A$205,0)),"Pers.-Nr. unbekannt",IF(D60="","Von fehlt",IF(AND(C60<>Einstellungen!$C$4,C60<>Einstellungen!$C$5),"Objekt fehlt",IF(J60<D60,"Bis vor Von",IF(D60<INDEX(Mitarbeiter!$C$6:$C$205,MATCH($A60,Mitarbeiter!$A$6:$A$205,0)),"vor Eintritt",IF(AND(INDEX(Mitarbeiter!$D$6:$D$205,MATCH($A60,Mitarbeiter!$A$6:$A$205,0))<>"",D60>INDEX(Mitarbeiter!$D$6:$D$205,MATCH($A60,Mitarbeiter!$A$6:$A$205,0))),"nach Austritt",IF(E60="","offen","ok")))))))) | J60: =IF(A60="","",IF(E60="",Einstellungen!$C$9,E60)) | K60: =IF(A60="",0,IFERROR(INDEX(Mitarbeiter!$F$6:$F$205,MATCH($A60,Mitarbeiter!$A$6:$A$205,0)),0)) | L60: =IF(OR(A60="",D60=""),0,MAX(0,NETWORKDAYS(MAX(D60,DATE(Einstellungen!$C$3,1,1)),MIN(J60,DATE(Einstellungen!$C$3,2,0)),Einstellungen!$F$13:$F$32))) | M60: =IF(OR(A60="",D60=""),0,MAX(0,NETWORKDAYS(MAX(D60,DATE(Einstellungen!$C$3,2,1)),MIN(J60,DATE(Einstellungen!$C$3,3,0)),Einstellungen!$F$13:$F$32))) | N60: =IF(OR(A60="",D60=""),0,MAX(0,NETWORKDAYS(MAX(D60,DATE(Einstellungen!$C$3,3,1)),MIN(J60,DATE(Einstellungen!$C$3,4,0)),Einstellungen!$F$13:$F$32))) | O60: =IF(OR(A60="",D60=""),0,MAX(0,NETWORKDAYS(MAX(D60,DATE(Einstellungen!$C$3,4,1)),MIN(J60,DATE(Einstellungen!$C$3,5,0)),Einstellungen!$F$13:$F$32))) | P60: =IF(OR(A60="",D60=""),0,MAX(0,NETWORKDAYS(MAX(D60,DATE(Einstellungen!$C$3,5,1)),MIN(J60,DATE(Einstellungen!$C$3,6,0)),Einstellungen!$F$13:$F$32))) | Q60: =IF(OR(A60="",D60=""),0,MAX(0,NETWORKDAYS(MAX(D60,DATE(Einstellungen!$C$3,6,1)),MIN(J60,DATE(Einstellungen!$C$3,7,0)),Einstellungen!$F$13:$F$32))) | R60: =IF(OR(A60="",D60=""),0,MAX(0,NETWORKDAYS(MAX(D60,DATE(Einstellungen!$C$3,7,1)),MIN(J60,DATE(Einstellungen!$C$3,8,0)),Einstellungen!$F$13:$F$32))) | S60: =IF(OR(A60="",D60=""),0,MAX(0,NETWORKDAYS(MAX(D60,DATE(Einstellungen!$C$3,8,1)),MIN(J60,DATE(Einstellungen!$C$3,9,0)),Einstellungen!$F$13:$F$32))) | T60: =IF(OR(A60="",D60=""),0,MAX(0,NETWORKDAYS(MAX(D60,DATE(Einstellungen!$C$3,9,1)),MIN(J60,DATE(Einstellungen!$C$3,10,0)),Einstellungen!$F$13:$F$32))) | U60: =IF(OR(A60="",D60=""),0,MAX(0,NETWORKDAYS(MAX(D60,DATE(Einstellungen!$C$3,10,1)),MIN(J60,DATE(Einstellungen!$C$3,11,0)),Einstellungen!$F$13:$F$32))) | V60: =IF(OR(A60="",D60=""),0,MAX(0,NETWORKDAYS(MAX(D60,DATE(Einstellungen!$C$3,11,1)),MIN(J60,DATE(Einstellungen!$C$3,12,0)),Einstellungen!$F$13:$F$32))) | W60: =IF(OR(A60="",D60=""),0,MAX(0,NETWORKDAYS(MAX(D60,DATE(Einstellungen!$C$3,12,1)),MIN(J60,DATE(Einstellungen!$C$3,13,0)),Einstellungen!$F$13:$F$32))) | X60: =L60*K60 | Y60: =M60*K60 | Z60: =N60*K60 | AA60: =O60*K60 | AB60: =P60*K60 | AC60: =Q60*K60 | AD60: =R60*K60 | AE60: =S60*K60 | AF60: =T60*K60 | AG60: =U60*K60 | AH60: =V60*K60 | AI60: =W60*K60
A61: 1008 | B61: =IF(A61="","",IFERROR(INDEX(Mitarbeiter!$B$6:$B$205,MATCH($A61,Mitarbeiter!$A$6:$A$205,0)),"?")) | C61: Objekt 2 | D61: 46123 | F61: =IF(A61="","",SUM(L61:W61)) | G61: =IF(A61="","",SUM(X61:AI61)) | H61: =IF(A61="","",IF(ISNA(MATCH(A61,Mitarbeiter!$A$6:$A$205,0)),"Pers.-Nr. unbekannt",IF(D61="","Von fehlt",IF(AND(C61<>Einstellungen!$C$4,C61<>Einstellungen!$C$5),"Objekt fehlt",IF(J61<D61,"Bis vor Von",IF(D61<INDEX(Mitarbeiter!$C$6:$C$205,MATCH($A61,Mitarbeiter!$A$6:$A$205,0)),"vor Eintritt",IF(AND(INDEX(Mitarbeiter!$D$6:$D$205,MATCH($A61,Mitarbeiter!$A$6:$A$205,0))<>"",D61>INDEX(Mitarbeiter!$D$6:$D$205,MATCH($A61,Mitarbeiter!$A$6:$A$205,0))),"nach Austritt",IF(E61="","offen","ok")))))))) | J61: =IF(A61="","",IF(E61="",Einstellungen!$C$9,E61)) | K61: =IF(A61="",0,IFERROR(INDEX(Mitarbeiter!$F$6:$F$205,MATCH($A61,Mitarbeiter!$A$6:$A$205,0)),0)) | L61: =IF(OR(A61="",D61=""),0,MAX(0,NETWORKDAYS(MAX(D61,DATE(Einstellungen!$C$3,1,1)),MIN(J61,DATE(Einstellungen!$C$3,2,0)),Einstellungen!$F$13:$F$32))) | M61: =IF(OR(A61="",D61=""),0,MAX(0,NETWORKDAYS(MAX(D61,DATE(Einstellungen!$C$3,2,1)),MIN(J61,DATE(Einstellungen!$C$3,3,0)),Einstellungen!$F$13:$F$32))) | N61: =IF(OR(A61="",D61=""),0,MAX(0,NETWORKDAYS(MAX(D61,DATE(Einstellungen!$C$3,3,1)),MIN(J61,DATE(Einstellungen!$C$3,4,0)),Einstellungen!$F$13:$F$32))) | O61: =IF(OR(A61="",D61=""),0,MAX(0,NETWORKDAYS(MAX(D61,DATE(Einstellungen!$C$3,4,1)),MIN(J61,DATE(Einstellungen!$C$3,5,0)),Einstellungen!$F$13:$F$32))) | P61: =IF(OR(A61="",D61=""),0,MAX(0,NETWORKDAYS(MAX(D61,DATE(Einstellungen!$C$3,5,1)),MIN(J61,DATE(Einstellungen!$C$3,6,0)),Einstellungen!$F$13:$F$32))) | Q61: =IF(OR(A61="",D61=""),0,MAX(0,NETWORKDAYS(MAX(D61,DATE(Einstellungen!$C$3,6,1)),MIN(J61,DATE(Einstellungen!$C$3,7,0)),Einstellungen!$F$13:$F$32))) | R61: =IF(OR(A61="",D61=""),0,MAX(0,NETWORKDAYS(MAX(D61,DATE(Einstellungen!$C$3,7,1)),MIN(J61,DATE(Einstellungen!$C$3,8,0)),Einstellungen!$F$13:$F$32))) | S61: =IF(OR(A61="",D61=""),0,MAX(0,NETWORKDAYS(MAX(D61,DATE(Einstellungen!$C$3,8,1)),MIN(J61,DATE(Einstellungen!$C$3,9,0)),Einstellungen!$F$13:$F$32))) | T61: =IF(OR(A61="",D61=""),0,MAX(0,NETWORKDAYS(MAX(D61,DATE(Einstellungen!$C$3,9,1)),MIN(J61,DATE(Einstellungen!$C$3,10,0)),Einstellungen!$F$13:$F$32))) | U61: =IF(OR(A61="",D61=""),0,MAX(0,NETWORKDAYS(MAX(D61,DATE(Einstellungen!$C$3,10,1)),MIN(J61,DATE(Einstellungen!$C$3,11,0)),Einstellungen!$F$13:$F$32))) | V61: =IF(OR(A61="",D61=""),0,MAX(0,NETWORKDAYS(MAX(D61,DATE(Einstellungen!$C$3,11,1)),MIN(J61,DATE(Einstellungen!$C$3,12,0)),Einstellungen!$F$13:$F$32))) | W61: =IF(OR(A61="",D61=""),0,MAX(0,NETWORKDAYS(MAX(D61,DATE(Einstellungen!$C$3,12,1)),MIN(J61,DATE(Einstellungen!$C$3,13,0)),Einstellungen!$F$13:$F$32))) | X61: =L61*K61 | Y61: =M61*K61 | Z61: =N61*K61 | AA61: =O61*K61 | AB61: =P61*K61 | AC61: =Q61*K61 | AD61: =R61*K61 | AE61: =S61*K61 | AF61: =T61*K61 | AG61: =U61*K61 | AH61: =V61*K61 | AI61: =W61*K61
A62: 1052 | B62: =IF(A62="","",IFERROR(INDEX(Mitarbeiter!$B$6:$B$205,MATCH($A62,Mitarbeiter!$A$6:$A$205,0)),"?")) | C62: Objekt 2 | D62: 46125 | E62: 46125 | F62: =IF(A62="","",SUM(L62:W62)) | G62: =IF(A62="","",SUM(X62:AI62)) | H62: =IF(A62="","",IF(ISNA(MATCH(A62,Mitarbeiter!$A$6:$A$205,0)),"Pers.-Nr. unbekannt",IF(D62="","Von fehlt",IF(AND(C62<>Einstellungen!$C$4,C62<>Einstellungen!$C$5),"Objekt fehlt",IF(J62<D62,"Bis vor Von",IF(D62<INDEX(Mitarbeiter!$C$6:$C$205,MATCH($A62,Mitarbeiter!$A$6:$A$205,0)),"vor Eintritt",IF(AND(INDEX(Mitarbeiter!$D$6:$D$205,MATCH($A62,Mitarbeiter!$A$6:$A$205,0))<>"",D62>INDEX(Mitarbeiter!$D$6:$D$205,MATCH($A62,Mitarbeiter!$A$6:$A$205,0))),"nach Austritt",IF(E62="","offen","ok")))))))) | J62: =IF(A62="","",IF(E62="",Einstellungen!$C$9,E62)) | K62: =IF(A62="",0,IFERROR(INDEX(Mitarbeiter!$F$6:$F$205,MATCH($A62,Mitarbeiter!$A$6:$A$205,0)),0)) | L62: =IF(OR(A62="",D62=""),0,MAX(0,NETWORKDAYS(MAX(D62,DATE(Einstellungen!$C$3,1,1)),MIN(J62,DATE(Einstellungen!$C$3,2,0)),Einstellungen!$F$13:$F$32))) | M62: =IF(OR(A62="",D62=""),0,MAX(0,NETWORKDAYS(MAX(D62,DATE(Einstellungen!$C$3,2,1)),MIN(J62,DATE(Einstellungen!$C$3,3,0)),Einstellungen!$F$13:$F$32))) | N62: =IF(OR(A62="",D62=""),0,MAX(0,NETWORKDAYS(MAX(D62,DATE(Einstellungen!$C$3,3,1)),MIN(J62,DATE(Einstellungen!$C$3,4,0)),Einstellungen!$F$13:$F$32))) | O62: =IF(OR(A62="",D62=""),0,MAX(0,NETWORKDAYS(MAX(D62,DATE(Einstellungen!$C$3,4,1)),MIN(J62,DATE(Einstellungen!$C$3,5,0)),Einstellungen!$F$13:$F$32))) | P62: =IF(OR(A62="",D62=""),0,MAX(0,NETWORKDAYS(MAX(D62,DATE(Einstellungen!$C$3,5,1)),MIN(J62,DATE(Einstellungen!$C$3,6,0)),Einstellungen!$F$13:$F$32))) | Q62: =IF(OR(A62="",D62=""),0,MAX(0,NETWORKDAYS(MAX(D62,DATE(Einstellungen!$C$3,6,1)),MIN(J62,DATE(Einstellungen!$C$3,7,0)),Einstellungen!$F$13:$F$32))) | R62: =IF(OR(A62="",D62=""),0,MAX(0,NETWORKDAYS(MAX(D62,DATE(Einstellungen!$C$3,7,1)),MIN(J62,DATE(Einstellungen!$C$3,8,0)),Einstellungen!$F$13:$F$32))) | S62: =IF(OR(A62="",D62=""),0,MAX(0,NETWORKDAYS(MAX(D62,DATE(Einstellungen!$C$3,8,1)),MIN(J62,DATE(Einstellungen!$C$3,9,0)),Einstellungen!$F$13:$F$32))) | T62: =IF(OR(A62="",D62=""),0,MAX(0,NETWORKDAYS(MAX(D62,DATE(Einstellungen!$C$3,9,1)),MIN(J62,DATE(Einstellungen!$C$3,10,0)),Einstellungen!$F$13:$F$32))) | U62: =IF(OR(A62="",D62=""),0,MAX(0,NETWORKDAYS(MAX(D62,DATE(Einstellungen!$C$3,10,1)),MIN(J62,DATE(Einstellungen!$C$3,11,0)),Einstellungen!$F$13:$F$32))) | V62: =IF(OR(A62="",D62=""),0,MAX(0,NETWORKDAYS(MAX(D62,DATE(Einstellungen!$C$3,11,1)),MIN(J62,DATE(Einstellungen!$C$3,12,0)),Einstellungen!$F$13:$F$32))) | W62: =IF(OR(A62="",D62=""),0,MAX(0,NETWORKDAYS(MAX(D62,DATE(Einstellungen!$C$3,12,1)),MIN(J62,DATE(Einstellungen!$C$3,13,0)),Einstellungen!$F$13:$F$32))) | X62: =L62*K62 | Y62: =M62*K62 | Z62: =N62*K62 | AA62: =O62*K62 | AB62: =P62*K62 | AC62: =Q62*K62 | AD62: =R62*K62 | AE62: =S62*K62 | AF62: =T62*K62 | AG62: =U62*K62 | AH62: =V62*K62 | AI62: =W62*K62
A63: 1021 | B63: =IF(A63="","",IFERROR(INDEX(Mitarbeiter!$B$6:$B$205,MATCH($A63,Mitarbeiter!$A$6:$A$205,0)),"?")) | C63: Objekt 1 | D63: 46140 | E63: 46160 | F63: =IF(A63="","",SUM(L63:W63)) | G63: =IF(A63="","",SUM(X63:AI63)) | H63: =IF(A63="","",IF(ISNA(MATCH(A63,Mitarbeiter!$A$6:$A$205,0)),"Pers.-Nr. unbekannt",IF(D63="","Von fehlt",IF(AND(C63<>Einstellungen!$C$4,C63<>Einstellungen!$C$5),"Objekt fehlt",IF(J63<D63,"Bis vor Von",IF(D63<INDEX(Mitarbeiter!$C$6:$C$205,MATCH($A63,Mitarbeiter!$A$6:$A$205,0)),"vor Eintritt",IF(AND(INDEX(Mitarbeiter!$D$6:$D$205,MATCH($A63,Mitarbeiter!$A$6:$A$205,0))<>"",D63>INDEX(Mitarbeiter!$D$6:$D$205,MATCH($A63,Mitarbeiter!$A$6:$A$205,0))),"nach Austritt",IF(E63="","offen","ok")))))))) | J63: =IF(A63="","",IF(E63="",Einstellungen!$C$9,E63)) | K63: =IF(A63="",0,IFERROR(INDEX(Mitarbeiter!$F$6:$F$205,MATCH($A63,Mitarbeiter!$A$6:$A$205,0)),0)) | L63: =IF(OR(A63="",D63=""),0,MAX(0,NETWORKDAYS(MAX(D63,DATE(Einstellungen!$C$3,1,1)),MIN(J63,DATE(Einstellungen!$C$3,2,0)),Einstellungen!$F$13:$F$32))) | M63: =IF(OR(A63="",D63=""),0,MAX(0,NETWORKDAYS(MAX(D63,DATE(Einstellungen!$C$3,2,1)),MIN(J63,DATE(Einstellungen!$C$3,3,0)),Einstellungen!$F$13:$F$32))) | N63: =IF(OR(A63="",D63=""),0,MAX(0,NETWORKDAYS(MAX(D63,DATE(Einstellungen!$C$3,3,1)),MIN(J63,DATE(Einstellungen!$C$3,4,0)),Einstellungen!$F$13:$F$32))) | O63: =IF(OR(A63="",D63=""),0,MAX(0,NETWORKDAYS(MAX(D63,DATE(Einstellungen!$C$3,4,1)),MIN(J63,DATE(Einstellungen!$C$3,5,0)),Einstellungen!$F$13:$F$32))) | P63: =IF(OR(A63="",D63=""),0,MAX(0,NETWORKDAYS(MAX(D63,DATE(Einstellungen!$C$3,5,1)),MIN(J63,DATE(Einstellungen!$C$3,6,0)),Einstellungen!$F$13:$F$32))) | Q63: =IF(OR(A63="",D63=""),0,MAX(0,NETWORKDAYS(MAX(D63,DATE(Einstellungen!$C$3,6,1)),MIN(J63,DATE(Einstellungen!$C$3,7,0)),Einstellungen!$F$13:$F$32))) | R63: =IF(OR(A63="",D63=""),0,MAX(0,NETWORKDAYS(MAX(D63,DATE(Einstellungen!$C$3,7,1)),MIN(J63,DATE(Einstellungen!$C$3,8,0)),Einstellungen!$F$13:$F$32))) | S63: =IF(OR(A63="",D63=""),0,MAX(0,NETWORKDAYS(MAX(D63,DATE(Einstellungen!$C$3,8,1)),MIN(J63,DATE(Einstellungen!$C$3,9,0)),Einstellungen!$F$13:$F$32))) | T63: =IF(OR(A63="",D63=""),0,MAX(0,NETWORKDAYS(MAX(D63,DATE(Einstellungen!$C$3,9,1)),MIN(J63,DATE(Einstellungen!$C$3,10,0)),Einstellungen!$F$13:$F$32))) | U63: =IF(OR(A63="",D63=""),0,MAX(0,NETWORKDAYS(MAX(D63,DATE(Einstellungen!$C$3,10,1)),MIN(J63,DATE(Einstellungen!$C$3,11,0)),Einstellungen!$F$13:$F$32))) | V63: =IF(OR(A63="",D63=""),0,MAX(0,NETWORKDAYS(MAX(D63,DATE(Einstellungen!$C$3,11,1)),MIN(J63,DATE(Einstellungen!$C$3,12,0)),Einstellungen!$F$13:$F$32))) | W63: =IF(OR(A63="",D63=""),0,MAX(0,NETWORKDAYS(MAX(D63,DATE(Einstellungen!$C$3,12,1)),MIN(J63,DATE(Einstellungen!$C$3,13,0)),Einstellungen!$F$13:$F$32))) | X63: =L63*K63 | Y63: =M63*K63 | Z63: =N63*K63 | AA63: =O63*K63 | AB63: =P63*K63 | AC63: =Q63*K63 | AD63: =R63*K63 | AE63: =S63*K63 | AF63: =T63*K63 | AG63: =U63*K63 | AH63: =V63*K63 | AI63: =W63*K63
A64: 1028 | B64: =IF(A64="","",IFERROR(INDEX(Mitarbeiter!$B$6:$B$205,MATCH($A64,Mitarbeiter!$A$6:$A$205,0)),"?")) | C64: Objekt 2 | D64: 46143 | E64: 46163 | F64: =IF(A64="","",SUM(L64:W64)) | G64: =IF(A64="","",SUM(X64:AI64)) | H64: =IF(A64="","",IF(ISNA(MATCH(A64,Mitarbeiter!$A$6:$A$205,0)),"Pers.-Nr. unbekannt",IF(D64="","Von fehlt",IF(AND(C64<>Einstellungen!$C$4,C64<>Einstellungen!$C$5),"Objekt fehlt",IF(J64<D64,"Bis vor Von",IF(D64<INDEX(Mitarbeiter!$C$6:$C$205,MATCH($A64,Mitarbeiter!$A$6:$A$205,0)),"vor Eintritt",IF(AND(INDEX(Mitarbeiter!$D$6:$D$205,MATCH($A64,Mitarbeiter!$A$6:$A$205,0))<>"",D64>INDEX(Mitarbeiter!$D$6:$D$205,MATCH($A64,Mitarbeiter!$A$6:$A$205,0))),"nach Austritt",IF(E64="","offen","ok")))))))) | J64: =IF(A64="","",IF(E64="",Einstellungen!$C$9,E64)) | K64: =IF(A64="",0,IFERROR(INDEX(Mitarbeiter!$F$6:$F$205,MATCH($A64,Mitarbeiter!$A$6:$A$205,0)),0)) | L64: =IF(OR(A64="",D64=""),0,MAX(0,NETWORKDAYS(MAX(D64,DATE(Einstellungen!$C$3,1,1)),MIN(J64,DATE(Einstellungen!$C$3,2,0)),Einstellungen!$F$13:$F$32))) | M64: =IF(OR(A64="",D64=""),0,MAX(0,NETWORKDAYS(MAX(D64,DATE(Einstellungen!$C$3,2,1)),MIN(J64,DATE(Einstellungen!$C$3,3,0)),Einstellungen!$F$13:$F$32))) | N64: =IF(OR(A64="",D64=""),0,MAX(0,NETWORKDAYS(MAX(D64,DATE(Einstellungen!$C$3,3,1)),MIN(J64,DATE(Einstellungen!$C$3,4,0)),Einstellungen!$F$13:$F$32))) | O64: =IF(OR(A64="",D64=""),0,MAX(0,NETWORKDAYS(MAX(D64,DATE(Einstellungen!$C$3,4,1)),MIN(J64,DATE(Einstellungen!$C$3,5,0)),Einstellungen!$F$13:$F$32))) | P64: =IF(OR(A64="",D64=""),0,MAX(0,NETWORKDAYS(MAX(D64,DATE(Einstellungen!$C$3,5,1)),MIN(J64,DATE(Einstellungen!$C$3,6,0)),Einstellungen!$F$13:$F$32))) | Q64: =IF(OR(A64="",D64=""),0,MAX(0,NETWORKDAYS(MAX(D64,DATE(Einstellungen!$C$3,6,1)),MIN(J64,DATE(Einstellungen!$C$3,7,0)),Einstellungen!$F$13:$F$32))) | R64: =IF(OR(A64="",D64=""),0,MAX(0,NETWORKDAYS(MAX(D64,DATE(Einstellungen!$C$3,7,1)),MIN(J64,DATE(Einstellungen!$C$3,8,0)),Einstellungen!$F$13:$F$32))) | S64: =IF(OR(A64="",D64=""),0,MAX(0,NETWORKDAYS(MAX(D64,DATE(Einstellungen!$C$3,8,1)),MIN(J64,DATE(Einstellungen!$C$3,9,0)),Einstellungen!$F$13:$F$32))) | T64: =IF(OR(A64="",D64=""),0,MAX(0,NETWORKDAYS(MAX(D64,DATE(Einstellungen!$C$3,9,1)),MIN(J64,DATE(Einstellungen!$C$3,10,0)),Einstellungen!$F$13:$F$32))) | U64: =IF(OR(A64="",D64=""),0,MAX(0,NETWORKDAYS(MAX(D64,DATE(Einstellungen!$C$3,10,1)),MIN(J64,DATE(Einstellungen!$C$3,11,0)),Einstellungen!$F$13:$F$32))) | V64: =IF(OR(A64="",D64=""),0,MAX(0,NETWORKDAYS(MAX(D64,DATE(Einstellungen!$C$3,11,1)),MIN(J64,DATE(Einstellungen!$C$3,12,0)),Einstellungen!$F$13:$F$32))) | W64: =IF(OR(A64="",D64=""),0,MAX(0,NETWORKDAYS(MAX(D64,DATE(Einstellungen!$C$3,12,1)),MIN(J64,DATE(Einstellungen!$C$3,13,0)),Einstellungen!$F$13:$F$32))) | X64: =L64*K64 | Y64: =M64*K64 | Z64: =N64*K64 | AA64: =O64*K64 | AB64: =P64*K64 | AC64: =Q64*K64 | AD64: =R64*K64 | AE64: =S64*K64 | AF64: =T64*K64 | AG64: =U64*K64 | AH64: =V64*K64 | AI64: =W64*K64
A65: 1021 | B65: =IF(A65="","",IFERROR(INDEX(Mitarbeiter!$B$6:$B$205,MATCH($A65,Mitarbeiter!$A$6:$A$205,0)),"?")) | C65: Objekt 2 | D65: 46144 | E65: 46145 | F65: =IF(A65="","",SUM(L65:W65)) | G65: =IF(A65="","",SUM(X65:AI65)) | H65: =IF(A65="","",IF(ISNA(MATCH(A65,Mitarbeiter!$A$6:$A$205,0)),"Pers.-Nr. unbekannt",IF(D65="","Von fehlt",IF(AND(C65<>Einstellungen!$C$4,C65<>Einstellungen!$C$5),"Objekt fehlt",IF(J65<D65,"Bis vor Von",IF(D65<INDEX(Mitarbeiter!$C$6:$C$205,MATCH($A65,Mitarbeiter!$A$6:$A$205,0)),"vor Eintritt",IF(AND(INDEX(Mitarbeiter!$D$6:$D$205,MATCH($A65,Mitarbeiter!$A$6:$A$205,0))<>"",D65>INDEX(Mitarbeiter!$D$6:$D$205,MATCH($A65,Mitarbeiter!$A$6:$A$205,0))),"nach Austritt",IF(E65="","offen","ok")))))))) | J65: =IF(A65="","",IF(E65="",Einstellungen!$C$9,E65)) | K65: =IF(A65="",0,IFERROR(INDEX(Mitarbeiter!$F$6:$F$205,MATCH($A65,Mitarbeiter!$A$6:$A$205,0)),0)) | L65: =IF(OR(A65="",D65=""),0,MAX(0,NETWORKDAYS(MAX(D65,DATE(Einstellungen!$C$3,1,1)),MIN(J65,DATE(Einstellungen!$C$3,2,0)),Einstellungen!$F$13:$F$32))) | M65: =IF(OR(A65="",D65=""),0,MAX(0,NETWORKDAYS(MAX(D65,DATE(Einstellungen!$C$3,2,1)),MIN(J65,DATE(Einstellungen!$C$3,3,0)),Einstellungen!$F$13:$F$32))) | N65: =IF(OR(A65="",D65=""),0,MAX(0,NETWORKDAYS(MAX(D65,DATE(Einstellungen!$C$3,3,1)),MIN(J65,DATE(Einstellungen!$C$3,4,0)),Einstellungen!$F$13:$F$32))) | O65: =IF(OR(A65="",D65=""),0,MAX(0,NETWORKDAYS(MAX(D65,DATE(Einstellungen!$C$3,4,1)),MIN(J65,DATE(Einstellungen!$C$3,5,0)),Einstellungen!$F$13:$F$32))) | P65: =IF(OR(A65="",D65=""),0,MAX(0,NETWORKDAYS(MAX(D65,DATE(Einstellungen!$C$3,5,1)),MIN(J65,DATE(Einstellungen!$C$3,6,0)),Einstellungen!$F$13:$F$32))) | Q65: =IF(OR(A65="",D65=""),0,MAX(0,NETWORKDAYS(MAX(D65,DATE(Einstellungen!$C$3,6,1)),MIN(J65,DATE(Einstellungen!$C$3,7,0)),Einstellungen!$F$13:$F$32))) | R65: =IF(OR(A65="",D65=""),0,MAX(0,NETWORKDAYS(MAX(D65,DATE(Einstellungen!$C$3,7,1)),MIN(J65,DATE(Einstellungen!$C$3,8,0)),Einstellungen!$F$13:$F$32))) | S65: =IF(OR(A65="",D65=""),0,MAX(0,NETWORKDAYS(MAX(D65,DATE(Einstellungen!$C$3,8,1)),MIN(J65,DATE(Einstellungen!$C$3,9,0)),Einstellungen!$F$13:$F$32))) | T65: =IF(OR(A65="",D65=""),0,MAX(0,NETWORKDAYS(MAX(D65,DATE(Einstellungen!$C$3,9,1)),MIN(J65,DATE(Einstellungen!$C$3,10,0)),Einstellungen!$F$13:$F$32))) | U65: =IF(OR(A65="",D65=""),0,MAX(0,NETWORKDAYS(MAX(D65,DATE(Einstellungen!$C$3,10,1)),MIN(J65,DATE(Einstellungen!$C$3,11,0)),Einstellungen!$F$13:$F$32))) | V65: =IF(OR(A65="",D65=""),0,MAX(0,NETWORKDAYS(MAX(D65,DATE(Einstellungen!$C$3,11,1)),MIN(J65,DATE(Einstellungen!$C$3,12,0)),Einstellungen!$F$13:$F$32))) | W65: =IF(OR(A65="",D65=""),0,MAX(0,NETWORKDAYS(MAX(D65,DATE(Einstellungen!$C$3,12,1)),MIN(J65,DATE(Einstellungen!$C$3,13,0)),Einstellungen!$F$13:$F$32))) | X65: =L65*K65 | Y65: =M65*K65 | Z65: =N65*K65 | AA65: =O65*K65 | AB65: =P65*K65 | AC65: =Q65*K65 | AD65: =R65*K65 | AE65: =S65*K65 | AF65: =T65*K65 | AG65: =U65*K65 | AH65: =V65*K65 | AI65: =W65*K65
A66: 1022 | B66: =IF(A66="","",IFERROR(INDEX(Mitarbeiter!$B$6:$B$205,MATCH($A66,Mitarbeiter!$A$6:$A$205,0)),"?")) | C66: Objekt 2 | D66: 46154 | E66: 46156 | F66: =IF(A66="","",SUM(L66:W66)) | G66: =IF(A66="","",SUM(X66:AI66)) | H66: =IF(A66="","",IF(ISNA(MATCH(A66,Mitarbeiter!$A$6:$A$205,0)),"Pers.-Nr. unbekannt",IF(D66="","Von fehlt",IF(AND(C66<>Einstellungen!$C$4,C66<>Einstellungen!$C$5),"Objekt fehlt",IF(J66<D66,"Bis vor Von",IF(D66<INDEX(Mitarbeiter!$C$6:$C$205,MATCH($A66,Mitarbeiter!$A$6:$A$205,0)),"vor Eintritt",IF(AND(INDEX(Mitarbeiter!$D$6:$D$205,MATCH($A66,Mitarbeiter!$A$6:$A$205,0))<>"",D66>INDEX(Mitarbeiter!$D$6:$D$205,MATCH($A66,Mitarbeiter!$A$6:$A$205,0))),"nach Austritt",IF(E66="","offen","ok")))))))) | J66: =IF(A66="","",IF(E66="",Einstellungen!$C$9,E66)) | K66: =IF(A66="",0,IFERROR(INDEX(Mitarbeiter!$F$6:$F$205,MATCH($A66,Mitarbeiter!$A$6:$A$205,0)),0)) | L66: =IF(OR(A66="",D66=""),0,MAX(0,NETWORKDAYS(MAX(D66,DATE(Einstellungen!$C$3,1,1)),MIN(J66,DATE(Einstellungen!$C$3,2,0)),Einstellungen!$F$13:$F$32))) | M66: =IF(OR(A66="",D66=""),0,MAX(0,NETWORKDAYS(MAX(D66,DATE(Einstellungen!$C$3,2,1)),MIN(J66,DATE(Einstellungen!$C$3,3,0)),Einstellungen!$F$13:$F$32))) | N66: =IF(OR(A66="",D66=""),0,MAX(0,NETWORKDAYS(MAX(D66,DATE(Einstellungen!$C$3,3,1)),MIN(J66,DATE(Einstellungen!$C$3,4,0)),Einstellungen!$F$13:$F$32))) | O66: =IF(OR(A66="",D66=""),0,MAX(0,NETWORKDAYS(MAX(D66,DATE(Einstellungen!$C$3,4,1)),MIN(J66,DATE(Einstellungen!$C$3,5,0)),Einstellungen!$F$13:$F$32))) | P66: =IF(OR(A66="",D66=""),0,MAX(0,NETWORKDAYS(MAX(D66,DATE(Einstellungen!$C$3,5,1)),MIN(J66,DATE(Einstellungen!$C$3,6,0)),Einstellungen!$F$13:$F$32))) | Q66: =IF(OR(A66="",D66=""),0,MAX(0,NETWORKDAYS(MAX(D66,DATE(Einstellungen!$C$3,6,1)),MIN(J66,DATE(Einstellungen!$C$3,7,0)),Einstellungen!$F$13:$F$32))) | R66: =IF(OR(A66="",D66=""),0,MAX(0,NETWORKDAYS(MAX(D66,DATE(Einstellungen!$C$3,7,1)),MIN(J66,DATE(Einstellungen!$C$3,8,0)),Einstellungen!$F$13:$F$32))) | S66: =IF(OR(A66="",D66=""),0,MAX(0,NETWORKDAYS(MAX(D66,DATE(Einstellungen!$C$3,8,1)),MIN(J66,DATE(Einstellungen!$C$3,9,0)),Einstellungen!$F$13:$F$32))) | T66: =IF(OR(A66="",D66=""),0,MAX(0,NETWORKDAYS(MAX(D66,DATE(Einstellungen!$C$3,9,1)),MIN(J66,DATE(Einstellungen!$C$3,10,0)),Einstellungen!$F$13:$F$32))) | U66: =IF(OR(A66="",D66=""),0,MAX(0,NETWORKDAYS(MAX(D66,DATE(Einstellungen!$C$3,10,1)),MIN(J66,DATE(Einstellungen!$C$3,11,0)),Einstellungen!$F$13:$F$32))) | V66: =IF(OR(A66="",D66=""),0,MAX(0,NETWORKDAYS(MAX(D66,DATE(Einstellungen!$C$3,11,1)),MIN(J66,DATE(Einstellungen!$C$3,12,0)),Einstellungen!$F$13:$F$32))) | W66: =IF(OR(A66="",D66=""),0,MAX(0,NETWORKDAYS(MAX(D66,DATE(Einstellungen!$C$3,12,1)),MIN(J66,DATE(Einstellungen!$C$3,13,0)),Einstellungen!$F$13:$F$32))) | X66: =L66*K66 | Y66: =M66*K66 | Z66: =N66*K66 | AA66: =O66*K66 | AB66: =P66*K66 | AC66: =Q66*K66 | AD66: =R66*K66 | AE66: =S66*K66 | AF66: =T66*K66 | AG66: =U66*K66 | AH66: =V66*K66 | AI66: =W66*K66
A67: 1021 | B67: =IF(A67="","",IFERROR(INDEX(Mitarbeiter!$B$6:$B$205,MATCH($A67,Mitarbeiter!$A$6:$A$205,0)),"?")) | C67: Objekt 2 | D67: 46158 | F67: =IF(A67="","",SUM(L67:W67)) | G67: =IF(A67="","",SUM(X67:AI67)) | H67: =IF(A67="","",IF(ISNA(MATCH(A67,Mitarbeiter!$A$6:$A$205,0)),"Pers.-Nr. unbekannt",IF(D67="","Von fehlt",IF(AND(C67<>Einstellungen!$C$4,C67<>Einstellungen!$C$5),"Objekt fehlt",IF(J67<D67,"Bis vor Von",IF(D67<INDEX(Mitarbeiter!$C$6:$C$205,MATCH($A67,Mitarbeiter!$A$6:$A$205,0)),"vor Eintritt",IF(AND(INDEX(Mitarbeiter!$D$6:$D$205,MATCH($A67,Mitarbeiter!$A$6:$A$205,0))<>"",D67>INDEX(Mitarbeiter!$D$6:$D$205,MATCH($A67,Mitarbeiter!$A$6:$A$205,0))),"nach Austritt",IF(E67="","offen","ok")))))))) | J67: =IF(A67="","",IF(E67="",Einstellungen!$C$9,E67)) | K67: =IF(A67="",0,IFERROR(INDEX(Mitarbeiter!$F$6:$F$205,MATCH($A67,Mitarbeiter!$A$6:$A$205,0)),0)) | L67: =IF(OR(A67="",D67=""),0,MAX(0,NETWORKDAYS(MAX(D67,DATE(Einstellungen!$C$3,1,1)),MIN(J67,DATE(Einstellungen!$C$3,2,0)),Einstellungen!$F$13:$F$32))) | M67: =IF(OR(A67="",D67=""),0,MAX(0,NETWORKDAYS(MAX(D67,DATE(Einstellungen!$C$3,2,1)),MIN(J67,DATE(Einstellungen!$C$3,3,0)),Einstellungen!$F$13:$F$32))) | N67: =IF(OR(A67="",D67=""),0,MAX(0,NETWORKDAYS(MAX(D67,DATE(Einstellungen!$C$3,3,1)),MIN(J67,DATE(Einstellungen!$C$3,4,0)),Einstellungen!$F$13:$F$32))) | O67: =IF(OR(A67="",D67=""),0,MAX(0,NETWORKDAYS(MAX(D67,DATE(Einstellungen!$C$3,4,1)),MIN(J67,DATE(Einstellungen!$C$3,5,0)),Einstellungen!$F$13:$F$32))) | P67: =IF(OR(A67="",D67=""),0,MAX(0,NETWORKDAYS(MAX(D67,DATE(Einstellungen!$C$3,5,1)),MIN(J67,DATE(Einstellungen!$C$3,6,0)),Einstellungen!$F$13:$F$32))) | Q67: =IF(OR(A67="",D67=""),0,MAX(0,NETWORKDAYS(MAX(D67,DATE(Einstellungen!$C$3,6,1)),MIN(J67,DATE(Einstellungen!$C$3,7,0)),Einstellungen!$F$13:$F$32))) | R67: =IF(OR(A67="",D67=""),0,MAX(0,NETWORKDAYS(MAX(D67,DATE(Einstellungen!$C$3,7,1)),MIN(J67,DATE(Einstellungen!$C$3,8,0)),Einstellungen!$F$13:$F$32))) | S67: =IF(OR(A67="",D67=""),0,MAX(0,NETWORKDAYS(MAX(D67,DATE(Einstellungen!$C$3,8,1)),MIN(J67,DATE(Einstellungen!$C$3,9,0)),Einstellungen!$F$13:$F$32))) | T67: =IF(OR(A67="",D67=""),0,MAX(0,NETWORKDAYS(MAX(D67,DATE(Einstellungen!$C$3,9,1)),MIN(J67,DATE(Einstellungen!$C$3,10,0)),Einstellungen!$F$13:$F$32))) | U67: =IF(OR(A67="",D67=""),0,MAX(0,NETWORKDAYS(MAX(D67,DATE(Einstellungen!$C$3,10,1)),MIN(J67,DATE(Einstellungen!$C$3,11,0)),Einstellungen!$F$13:$F$32))) | V67: =IF(OR(A67="",D67=""),0,MAX(0,NETWORKDAYS(MAX(D67,DATE(Einstellungen!$C$3,11,1)),MIN(J67,DATE(Einstellungen!$C$3,12,0)),Einstellungen!$F$13:$F$32))) | W67: =IF(OR(A67="",D67=""),0,MAX(0,NETWORKDAYS(MAX(D67,DATE(Einstellungen!$C$3,12,1)),MIN(J67,DATE(Einstellungen!$C$3,13,0)),Einstellungen!$F$13:$F$32))) | X67: =L67*K67 | Y67: =M67*K67 | Z67: =N67*K67 | AA67: =O67*K67 | AB67: =P67*K67 | AC67: =Q67*K67 | AD67: =R67*K67 | AE67: =S67*K67 | AF67: =T67*K67 | AG67: =U67*K67 | AH67: =V67*K67 | AI67: =W67*K67
A68: 1017 | B68: =IF(A68="","",IFERROR(INDEX(Mitarbeiter!$B$6:$B$205,MATCH($A68,Mitarbeiter!$A$6:$A$205,0)),"?")) | C68: Objekt 1 | D68: 46159 | E68: 46161 | F68: =IF(A68="","",SUM(L68:W68)) | G68: =IF(A68="","",SUM(X68:AI68)) | H68: =IF(A68="","",IF(ISNA(MATCH(A68,Mitarbeiter!$A$6:$A$205,0)),"Pers.-Nr. unbekannt",IF(D68="","Von fehlt",IF(AND(C68<>Einstellungen!$C$4,C68<>Einstellungen!$C$5),"Objekt fehlt",IF(J68<D68,"Bis vor Von",IF(D68<INDEX(Mitarbeiter!$C$6:$C$205,MATCH($A68,Mitarbeiter!$A$6:$A$205,0)),"vor Eintritt",IF(AND(INDEX(Mitarbeiter!$D$6:$D$205,MATCH($A68,Mitarbeiter!$A$6:$A$205,0))<>"",D68>INDEX(Mitarbeiter!$D$6:$D$205,MATCH($A68,Mitarbeiter!$A$6:$A$205,0))),"nach Austritt",IF(E68="","offen","ok")))))))) | J68: =IF(A68="","",IF(E68="",Einstellungen!$C$9,E68)) | K68: =IF(A68="",0,IFERROR(INDEX(Mitarbeiter!$F$6:$F$205,MATCH($A68,Mitarbeiter!$A$6:$A$205,0)),0)) | L68: =IF(OR(A68="",D68=""),0,MAX(0,NETWORKDAYS(MAX(D68,DATE(Einstellungen!$C$3,1,1)),MIN(J68,DATE(Einstellungen!$C$3,2,0)),Einstellungen!$F$13:$F$32))) | M68: =IF(OR(A68="",D68=""),0,MAX(0,NETWORKDAYS(MAX(D68,DATE(Einstellungen!$C$3,2,1)),MIN(J68,DATE(Einstellungen!$C$3,3,0)),Einstellungen!$F$13:$F$32))) | N68: =IF(OR(A68="",D68=""),0,MAX(0,NETWORKDAYS(MAX(D68,DATE(Einstellungen!$C$3,3,1)),MIN(J68,DATE(Einstellungen!$C$3,4,0)),Einstellungen!$F$13:$F$32))) | O68: =IF(OR(A68="",D68=""),0,MAX(0,NETWORKDAYS(MAX(D68,DATE(Einstellungen!$C$3,4,1)),MIN(J68,DATE(Einstellungen!$C$3,5,0)),Einstellungen!$F$13:$F$32))) | P68: =IF(OR(A68="",D68=""),0,MAX(0,NETWORKDAYS(MAX(D68,DATE(Einstellungen!$C$3,5,1)),MIN(J68,DATE(Einstellungen!$C$3,6,0)),Einstellungen!$F$13:$F$32))) | Q68: =IF(OR(A68="",D68=""),0,MAX(0,NETWORKDAYS(MAX(D68,DATE(Einstellungen!$C$3,6,1)),MIN(J68,DATE(Einstellungen!$C$3,7,0)),Einstellungen!$F$13:$F$32))) | R68: =IF(OR(A68="",D68=""),0,MAX(0,NETWORKDAYS(MAX(D68,DATE(Einstellungen!$C$3,7,1)),MIN(J68,DATE(Einstellungen!$C$3,8,0)),Einstellungen!$F$13:$F$32))) | S68: =IF(OR(A68="",D68=""),0,MAX(0,NETWORKDAYS(MAX(D68,DATE(Einstellungen!$C$3,8,1)),MIN(J68,DATE(Einstellungen!$C$3,9,0)),Einstellungen!$F$13:$F$32))) | T68: =IF(OR(A68="",D68=""),0,MAX(0,NETWORKDAYS(MAX(D68,DATE(Einstellungen!$C$3,9,1)),MIN(J68,DATE(Einstellungen!$C$3,10,0)),Einstellungen!$F$13:$F$32))) | U68: =IF(OR(A68="",D68=""),0,MAX(0,NETWORKDAYS(MAX(D68,DATE(Einstellungen!$C$3,10,1)),MIN(J68,DATE(Einstellungen!$C$3,11,0)),Einstellungen!$F$13:$F$32))) | V68: =IF(OR(A68="",D68=""),0,MAX(0,NETWORKDAYS(MAX(D68,DATE(Einstellungen!$C$3,11,1)),MIN(J68,DATE(Einstellungen!$C$3,12,0)),Einstellungen!$F$13:$F$32))) | W68: =IF(OR(A68="",D68=""),0,MAX(0,NETWORKDAYS(MAX(D68,DATE(Einstellungen!$C$3,12,1)),MIN(J68,DATE(Einstellungen!$C$3,13,0)),Einstellungen!$F$13:$F$32))) | X68: =L68*K68 | Y68: =M68*K68 | Z68: =N68*K68 | AA68: =O68*K68 | AB68: =P68*K68 | AC68: =Q68*K68 | AD68: =R68*K68 | AE68: =S68*K68 | AF68: =T68*K68 | AG68: =U68*K68 | AH68: =V68*K68 | AI68: =W68*K68
A69: 1040 | B69: =IF(A69="","",IFERROR(INDEX(Mitarbeiter!$B$6:$B$205,MATCH($A69,Mitarbeiter!$A$6:$A$205,0)),"?")) | C69: Objekt 2 | D69: 46159 | E69: 46172 | F69: =IF(A69="","",SUM(L69:W69)) | G69: =IF(A69="","",SUM(X69:AI69)) | H69: =IF(A69="","",IF(ISNA(MATCH(A69,Mitarbeiter!$A$6:$A$205,0)),"Pers.-Nr. unbekannt",IF(D69="","Von fehlt",IF(AND(C69<>Einstellungen!$C$4,C69<>Einstellungen!$C$5),"Objekt fehlt",IF(J69<D69,"Bis vor Von",IF(D69<INDEX(Mitarbeiter!$C$6:$C$205,MATCH($A69,Mitarbeiter!$A$6:$A$205,0)),"vor Eintritt",IF(AND(INDEX(Mitarbeiter!$D$6:$D$205,MATCH($A69,Mitarbeiter!$A$6:$A$205,0))<>"",D69>INDEX(Mitarbeiter!$D$6:$D$205,MATCH($A69,Mitarbeiter!$A$6:$A$205,0))),"nach Austritt",IF(E69="","offen","ok")))))))) | J69: =IF(A69="","",IF(E69="",Einstellungen!$C$9,E69)) | K69: =IF(A69="",0,IFERROR(INDEX(Mitarbeiter!$F$6:$F$205,MATCH($A69,Mitarbeiter!$A$6:$A$205,0)),0)) | L69: =IF(OR(A69="",D69=""),0,MAX(0,NETWORKDAYS(MAX(D69,DATE(Einstellungen!$C$3,1,1)),MIN(J69,DATE(Einstellungen!$C$3,2,0)),Einstellungen!$F$13:$F$32))) | M69: =IF(OR(A69="",D69=""),0,MAX(0,NETWORKDAYS(MAX(D69,DATE(Einstellungen!$C$3,2,1)),MIN(J69,DATE(Einstellungen!$C$3,3,0)),Einstellungen!$F$13:$F$32))) | N69: =IF(OR(A69="",D69=""),0,MAX(0,NETWORKDAYS(MAX(D69,DATE(Einstellungen!$C$3,3,1)),MIN(J69,DATE(Einstellungen!$C$3,4,0)),Einstellungen!$F$13:$F$32))) | O69: =IF(OR(A69="",D69=""),0,MAX(0,NETWORKDAYS(MAX(D69,DATE(Einstellungen!$C$3,4,1)),MIN(J69,DATE(Einstellungen!$C$3,5,0)),Einstellungen!$F$13:$F$32))) | P69: =IF(OR(A69="",D69=""),0,MAX(0,NETWORKDAYS(MAX(D69,DATE(Einstellungen!$C$3,5,1)),MIN(J69,DATE(Einstellungen!$C$3,6,0)),Einstellungen!$F$13:$F$32))) | Q69: =IF(OR(A69="",D69=""),0,MAX(0,NETWORKDAYS(MAX(D69,DATE(Einstellungen!$C$3,6,1)),MIN(J69,DATE(Einstellungen!$C$3,7,0)),Einstellungen!$F$13:$F$32))) | R69: =IF(OR(A69="",D69=""),0,MAX(0,NETWORKDAYS(MAX(D69,DATE(Einstellungen!$C$3,7,1)),MIN(J69,DATE(Einstellungen!$C$3,8,0)),Einstellungen!$F$13:$F$32))) | S69: =IF(OR(A69="",D69=""),0,MAX(0,NETWORKDAYS(MAX(D69,DATE(Einstellungen!$C$3,8,1)),MIN(J69,DATE(Einstellungen!$C$3,9,0)),Einstellungen!$F$13:$F$32))) | T69: =IF(OR(A69="",D69=""),0,MAX(0,NETWORKDAYS(MAX(D69,DATE(Einstellungen!$C$3,9,1)),MIN(J69,DATE(Einstellungen!$C$3,10,0)),Einstellungen!$F$13:$F$32))) | U69: =IF(OR(A69="",D69=""),0,MAX(0,NETWORKDAYS(MAX(D69,DATE(Einstellungen!$C$3,10,1)),MIN(J69,DATE(Einstellungen!$C$3,11,0)),Einstellungen!$F$13:$F$32))) | V69: =IF(OR(A69="",D69=""),0,MAX(0,NETWORKDAYS(MAX(D69,DATE(Einstellungen!$C$3,11,1)),MIN(J69,DATE(Einstellungen!$C$3,12,0)),Einstellungen!$F$13:$F$32))) | W69: =IF(OR(A69="",D69=""),0,MAX(0,NETWORKDAYS(MAX(D69,DATE(Einstellungen!$C$3,12,1)),MIN(J69,DATE(Einstellungen!$C$3,13,0)),Einstellungen!$F$13:$F$32))) | X69: =L69*K69 | Y69: =M69*K69 | Z69: =N69*K69 | AA69: =O69*K69 | AB69: =P69*K69 | AC69: =Q69*K69 | AD69: =R69*K69 | AE69: =S69*K69 | AF69: =T69*K69 | AG69: =U69*K69 | AH69: =V69*K69 | AI69: =W69*K69
A70: 1033 | B70: =IF(A70="","",IFERROR(INDEX(Mitarbeiter!$B$6:$B$205,MATCH($A70,Mitarbeiter!$A$6:$A$205,0)),"?")) | C70: Objekt 2 | D70: 46160 | E70: 46162 | F70: =IF(A70="","",SUM(L70:W70)) | G70: =IF(A70="","",SUM(X70:AI70)) | H70: =IF(A70="","",IF(ISNA(MATCH(A70,Mitarbeiter!$A$6:$A$205,0)),"Pers.-Nr. unbekannt",IF(D70="","Von fehlt",IF(AND(C70<>Einstellungen!$C$4,C70<>Einstellungen!$C$5),"Objekt fehlt",IF(J70<D70,"Bis vor Von",IF(D70<INDEX(Mitarbeiter!$C$6:$C$205,MATCH($A70,Mitarbeiter!$A$6:$A$205,0)),"vor Eintritt",IF(AND(INDEX(Mitarbeiter!$D$6:$D$205,MATCH($A70,Mitarbeiter!$A$6:$A$205,0))<>"",D70>INDEX(Mitarbeiter!$D$6:$D$205,MATCH($A70,Mitarbeiter!$A$6:$A$205,0))),"nach Austritt",IF(E70="","offen","ok")))))))) | J70: =IF(A70="","",IF(E70="",Einstellungen!$C$9,E70)) | K70: =IF(A70="",0,IFERROR(INDEX(Mitarbeiter!$F$6:$F$205,MATCH($A70,Mitarbeiter!$A$6:$A$205,0)),0)) | L70: =IF(OR(A70="",D70=""),0,MAX(0,NETWORKDAYS(MAX(D70,DATE(Einstellungen!$C$3,1,1)),MIN(J70,DATE(Einstellungen!$C$3,2,0)),Einstellungen!$F$13:$F$32))) | M70: =IF(OR(A70="",D70=""),0,MAX(0,NETWORKDAYS(MAX(D70,DATE(Einstellungen!$C$3,2,1)),MIN(J70,DATE(Einstellungen!$C$3,3,0)),Einstellungen!$F$13:$F$32))) | N70: =IF(OR(A70="",D70=""),0,MAX(0,NETWORKDAYS(MAX(D70,DATE(Einstellungen!$C$3,3,1)),MIN(J70,DATE(Einstellungen!$C$3,4,0)),Einstellungen!$F$13:$F$32))) | O70: =IF(OR(A70="",D70=""),0,MAX(0,NETWORKDAYS(MAX(D70,DATE(Einstellungen!$C$3,4,1)),MIN(J70,DATE(Einstellungen!$C$3,5,0)),Einstellungen!$F$13:$F$32))) | P70: =IF(OR(A70="",D70=""),0,MAX(0,NETWORKDAYS(MAX(D70,DATE(Einstellungen!$C$3,5,1)),MIN(J70,DATE(Einstellungen!$C$3,6,0)),Einstellungen!$F$13:$F$32))) | Q70: =IF(OR(A70="",D70=""),0,MAX(0,NETWORKDAYS(MAX(D70,DATE(Einstellungen!$C$3,6,1)),MIN(J70,DATE(Einstellungen!$C$3,7,0)),Einstellungen!$F$13:$F$32))) | R70: =IF(OR(A70="",D70=""),0,MAX(0,NETWORKDAYS(MAX(D70,DATE(Einstellungen!$C$3,7,1)),MIN(J70,DATE(Einstellungen!$C$3,8,0)),Einstellungen!$F$13:$F$32))) | S70: =IF(OR(A70="",D70=""),0,MAX(0,NETWORKDAYS(MAX(D70,DATE(Einstellungen!$C$3,8,1)),MIN(J70,DATE(Einstellungen!$C$3,9,0)),Einstellungen!$F$13:$F$32))) | T70: =IF(OR(A70="",D70=""),0,MAX(0,NETWORKDAYS(MAX(D70,DATE(Einstellungen!$C$3,9,1)),MIN(J70,DATE(Einstellungen!$C$3,10,0)),Einstellungen!$F$13:$F$32))) | U70: =IF(OR(A70="",D70=""),0,MAX(0,NETWORKDAYS(MAX(D70,DATE(Einstellungen!$C$3,10,1)),MIN(J70,DATE(Einstellungen!$C$3,11,0)),Einstellungen!$F$13:$F$32))) | V70: =IF(OR(A70="",D70=""),0,MAX(0,NETWORKDAYS(MAX(D70,DATE(Einstellungen!$C$3,11,1)),MIN(J70,DATE(Einstellungen!$C$3,12,0)),Einstellungen!$F$13:$F$32))) | W70: =IF(OR(A70="",D70=""),0,MAX(0,NETWORKDAYS(MAX(D70,DATE(Einstellungen!$C$3,12,1)),MIN(J70,DATE(Einstellungen!$C$3,13,0)),Einstellungen!$F$13:$F$32))) | X70: =L70*K70 | Y70: =M70*K70 | Z70: =N70*K70 | AA70: =O70*K70 | AB70: =P70*K70 | AC70: =Q70*K70 | AD70: =R70*K70 | AE70: =S70*K70 | AF70: =T70*K70 | AG70: =U70*K70 | AH70: =V70*K70 | AI70: =W70*K70
A71: 1028 | B71: =IF(A71="","",IFERROR(INDEX(Mitarbeiter!$B$6:$B$205,MATCH($A71,Mitarbeiter!$A$6:$A$205,0)),"?")) | C71: Objekt 2 | D71: 46162 | E71: 46162 | F71: =IF(A71="","",SUM(L71:W71)) | G71: =IF(A71="","",SUM(X71:AI71)) | H71: =IF(A71="","",IF(ISNA(MATCH(A71,Mitarbeiter!$A$6:$A$205,0)),"Pers.-Nr. unbekannt",IF(D71="","Von fehlt",IF(AND(C71<>Einstellungen!$C$4,C71<>Einstellungen!$C$5),"Objekt fehlt",IF(J71<D71,"Bis vor Von",IF(D71<INDEX(Mitarbeiter!$C$6:$C$205,MATCH($A71,Mitarbeiter!$A$6:$A$205,0)),"vor Eintritt",IF(AND(INDEX(Mitarbeiter!$D$6:$D$205,MATCH($A71,Mitarbeiter!$A$6:$A$205,0))<>"",D71>INDEX(Mitarbeiter!$D$6:$D$205,MATCH($A71,Mitarbeiter!$A$6:$A$205,0))),"nach Austritt",IF(E71="","offen","ok")))))))) | J71: =IF(A71="","",IF(E71="",Einstellungen!$C$9,E71)) | K71: =IF(A71="",0,IFERROR(INDEX(Mitarbeiter!$F$6:$F$205,MATCH($A71,Mitarbeiter!$A$6:$A$205,0)),0)) | L71: =IF(OR(A71="",D71=""),0,MAX(0,NETWORKDAYS(MAX(D71,DATE(Einstellungen!$C$3,1,1)),MIN(J71,DATE(Einstellungen!$C$3,2,0)),Einstellungen!$F$13:$F$32))) | M71: =IF(OR(A71="",D71=""),0,MAX(0,NETWORKDAYS(MAX(D71,DATE(Einstellungen!$C$3,2,1)),MIN(J71,DATE(Einstellungen!$C$3,3,0)),Einstellungen!$F$13:$F$32))) | N71: =IF(OR(A71="",D71=""),0,MAX(0,NETWORKDAYS(MAX(D71,DATE(Einstellungen!$C$3,3,1)),MIN(J71,DATE(Einstellungen!$C$3,4,0)),Einstellungen!$F$13:$F$32))) | O71: =IF(OR(A71="",D71=""),0,MAX(0,NETWORKDAYS(MAX(D71,DATE(Einstellungen!$C$3,4,1)),MIN(J71,DATE(Einstellungen!$C$3,5,0)),Einstellungen!$F$13:$F$32))) | P71: =IF(OR(A71="",D71=""),0,MAX(0,NETWORKDAYS(MAX(D71,DATE(Einstellungen!$C$3,5,1)),MIN(J71,DATE(Einstellungen!$C$3,6,0)),Einstellungen!$F$13:$F$32))) | Q71: =IF(OR(A71="",D71=""),0,MAX(0,NETWORKDAYS(MAX(D71,DATE(Einstellungen!$C$3,6,1)),MIN(J71,DATE(Einstellungen!$C$3,7,0)),Einstellungen!$F$13:$F$32))) | R71: =IF(OR(A71="",D71=""),0,MAX(0,NETWORKDAYS(MAX(D71,DATE(Einstellungen!$C$3,7,1)),MIN(J71,DATE(Einstellungen!$C$3,8,0)),Einstellungen!$F$13:$F$32))) | S71: =IF(OR(A71="",D71=""),0,MAX(0,NETWORKDAYS(MAX(D71,DATE(Einstellungen!$C$3,8,1)),MIN(J71,DATE(Einstellungen!$C$3,9,0)),Einstellungen!$F$13:$F$32))) | T71: =IF(OR(A71="",D71=""),0,MAX(0,NETWORKDAYS(MAX(D71,DATE(Einstellungen!$C$3,9,1)),MIN(J71,DATE(Einstellungen!$C$3,10,0)),Einstellungen!$F$13:$F$32))) | U71: =IF(OR(A71="",D71=""),0,MAX(0,NETWORKDAYS(MAX(D71,DATE(Einstellungen!$C$3,10,1)),MIN(J71,DATE(Einstellungen!$C$3,11,0)),Einstellungen!$F$13:$F$32))) | V71: =IF(OR(A71="",D71=""),0,MAX(0,NETWORKDAYS(MAX(D71,DATE(Einstellungen!$C$3,11,1)),MIN(J71,DATE(Einstellungen!$C$3,12,0)),Einstellungen!$F$13:$F$32))) | W71: =IF(OR(A71="",D71=""),0,MAX(0,NETWORKDAYS(MAX(D71,DATE(Einstellungen!$C$3,12,1)),MIN(J71,DATE(Einstellungen!$C$3,13,0)),Einstellungen!$F$13:$F$32))) | X71: =L71*K71 | Y71: =M71*K71 | Z71: =N71*K71 | AA71: =O71*K71 | AB71: =P71*K71 | AC71: =Q71*K71 | AD71: =R71*K71 | AE71: =S71*K71 | AF71: =T71*K71 | AG71: =U71*K71 | AH71: =V71*K71 | AI71: =W71*K71
A72: 1029 | B72: =IF(A72="","",IFERROR(INDEX(Mitarbeiter!$B$6:$B$205,MATCH($A72,Mitarbeiter!$A$6:$A$205,0)),"?")) | C72: Objekt 1 | D72: 46163 | E72: 46163 | F72: =IF(A72="","",SUM(L72:W72)) | G72: =IF(A72="","",SUM(X72:AI72)) | H72: =IF(A72="","",IF(ISNA(MATCH(A72,Mitarbeiter!$A$6:$A$205,0)),"Pers.-Nr. unbekannt",IF(D72="","Von fehlt",IF(AND(C72<>Einstellungen!$C$4,C72<>Einstellungen!$C$5),"Objekt fehlt",IF(J72<D72,"Bis vor Von",IF(D72<INDEX(Mitarbeiter!$C$6:$C$205,MATCH($A72,Mitarbeiter!$A$6:$A$205,0)),"vor Eintritt",IF(AND(INDEX(Mitarbeiter!$D$6:$D$205,MATCH($A72,Mitarbeiter!$A$6:$A$205,0))<>"",D72>INDEX(Mitarbeiter!$D$6:$D$205,MATCH($A72,Mitarbeiter!$A$6:$A$205,0))),"nach Austritt",IF(E72="","offen","ok")))))))) | J72: =IF(A72="","",IF(E72="",Einstellungen!$C$9,E72)) | K72: =IF(A72="",0,IFERROR(INDEX(Mitarbeiter!$F$6:$F$205,MATCH($A72,Mitarbeiter!$A$6:$A$205,0)),0)) | L72: =IF(OR(A72="",D72=""),0,MAX(0,NETWORKDAYS(MAX(D72,DATE(Einstellungen!$C$3,1,1)),MIN(J72,DATE(Einstellungen!$C$3,2,0)),Einstellungen!$F$13:$F$32))) | M72: =IF(OR(A72="",D72=""),0,MAX(0,NETWORKDAYS(MAX(D72,DATE(Einstellungen!$C$3,2,1)),MIN(J72,DATE(Einstellungen!$C$3,3,0)),Einstellungen!$F$13:$F$32))) | N72: =IF(OR(A72="",D72=""),0,MAX(0,NETWORKDAYS(MAX(D72,DATE(Einstellungen!$C$3,3,1)),MIN(J72,DATE(Einstellungen!$C$3,4,0)),Einstellungen!$F$13:$F$32))) | O72: =IF(OR(A72="",D72=""),0,MAX(0,NETWORKDAYS(MAX(D72,DATE(Einstellungen!$C$3,4,1)),MIN(J72,DATE(Einstellungen!$C$3,5,0)),Einstellungen!$F$13:$F$32))) | P72: =IF(OR(A72="",D72=""),0,MAX(0,NETWORKDAYS(MAX(D72,DATE(Einstellungen!$C$3,5,1)),MIN(J72,DATE(Einstellungen!$C$3,6,0)),Einstellungen!$F$13:$F$32))) | Q72: =IF(OR(A72="",D72=""),0,MAX(0,NETWORKDAYS(MAX(D72,DATE(Einstellungen!$C$3,6,1)),MIN(J72,DATE(Einstellungen!$C$3,7,0)),Einstellungen!$F$13:$F$32))) | R72: =IF(OR(A72="",D72=""),0,MAX(0,NETWORKDAYS(MAX(D72,DATE(Einstellungen!$C$3,7,1)),MIN(J72,DATE(Einstellungen!$C$3,8,0)),Einstellungen!$F$13:$F$32))) | S72: =IF(OR(A72="",D72=""),0,MAX(0,NETWORKDAYS(MAX(D72,DATE(Einstellungen!$C$3,8,1)),MIN(J72,DATE(Einstellungen!$C$3,9,0)),Einstellungen!$F$13:$F$32))) | T72: =IF(OR(A72="",D72=""),0,MAX(0,NETWORKDAYS(MAX(D72,DATE(Einstellungen!$C$3,9,1)),MIN(J72,DATE(Einstellungen!$C$3,10,0)),Einstellungen!$F$13:$F$32))) | U72: =IF(OR(A72="",D72=""),0,MAX(0,NETWORKDAYS(MAX(D72,DATE(Einstellungen!$C$3,10,1)),MIN(J72,DATE(Einstellungen!$C$3,11,0)),Einstellungen!$F$13:$F$32))) | V72: =IF(OR(A72="",D72=""),0,MAX(0,NETWORKDAYS(MAX(D72,DATE(Einstellungen!$C$3,11,1)),MIN(J72,DATE(Einstellungen!$C$3,12,0)),Einstellungen!$F$13:$F$32))) | W72: =IF(OR(A72="",D72=""),0,MAX(0,NETWORKDAYS(MAX(D72,DATE(Einstellungen!$C$3,12,1)),MIN(J72,DATE(Einstellungen!$C$3,13,0)),Einstellungen!$F$13:$F$32))) | X72: =L72*K72 | Y72: =M72*K72 | Z72: =N72*K72 | AA72: =O72*K72 | AB72: =P72*K72 | AC72: =Q72*K72 | AD72: =R72*K72 | AE72: =S72*K72 | AF72: =T72*K72 | AG72: =U72*K72 | AH72: =V72*K72 | AI72: =W72*K72
A73: 1049 | B73: =IF(A73="","",IFERROR(INDEX(Mitarbeiter!$B$6:$B$205,MATCH($A73,Mitarbeiter!$A$6:$A$205,0)),"?")) | C73: Objekt 2 | D73: 46164 | E73: 46166 | F73: =IF(A73="","",SUM(L73:W73)) | G73: =IF(A73="","",SUM(X73:AI73)) | H73: =IF(A73="","",IF(ISNA(MATCH(A73,Mitarbeiter!$A$6:$A$205,0)),"Pers.-Nr. unbekannt",IF(D73="","Von fehlt",IF(AND(C73<>Einstellungen!$C$4,C73<>Einstellungen!$C$5),"Objekt fehlt",IF(J73<D73,"Bis vor Von",IF(D73<INDEX(Mitarbeiter!$C$6:$C$205,MATCH($A73,Mitarbeiter!$A$6:$A$205,0)),"vor Eintritt",IF(AND(INDEX(Mitarbeiter!$D$6:$D$205,MATCH($A73,Mitarbeiter!$A$6:$A$205,0))<>"",D73>INDEX(Mitarbeiter!$D$6:$D$205,MATCH($A73,Mitarbeiter!$A$6:$A$205,0))),"nach Austritt",IF(E73="","offen","ok")))))))) | J73: =IF(A73="","",IF(E73="",Einstellungen!$C$9,E73)) | K73: =IF(A73="",0,IFERROR(INDEX(Mitarbeiter!$F$6:$F$205,MATCH($A73,Mitarbeiter!$A$6:$A$205,0)),0)) | L73: =IF(OR(A73="",D73=""),0,MAX(0,NETWORKDAYS(MAX(D73,DATE(Einstellungen!$C$3,1,1)),MIN(J73,DATE(Einstellungen!$C$3,2,0)),Einstellungen!$F$13:$F$32))) | M73: =IF(OR(A73="",D73=""),0,MAX(0,NETWORKDAYS(MAX(D73,DATE(Einstellungen!$C$3,2,1)),MIN(J73,DATE(Einstellungen!$C$3,3,0)),Einstellungen!$F$13:$F$32))) | N73: =IF(OR(A73="",D73=""),0,MAX(0,NETWORKDAYS(MAX(D73,DATE(Einstellungen!$C$3,3,1)),MIN(J73,DATE(Einstellungen!$C$3,4,0)),Einstellungen!$F$13:$F$32))) | O73: =IF(OR(A73="",D73=""),0,MAX(0,NETWORKDAYS(MAX(D73,DATE(Einstellungen!$C$3,4,1)),MIN(J73,DATE(Einstellungen!$C$3,5,0)),Einstellungen!$F$13:$F$32))) | P73: =IF(OR(A73="",D73=""),0,MAX(0,NETWORKDAYS(MAX(D73,DATE(Einstellungen!$C$3,5,1)),MIN(J73,DATE(Einstellungen!$C$3,6,0)),Einstellungen!$F$13:$F$32))) | Q73: =IF(OR(A73="",D73=""),0,MAX(0,NETWORKDAYS(MAX(D73,DATE(Einstellungen!$C$3,6,1)),MIN(J73,DATE(Einstellungen!$C$3,7,0)),Einstellungen!$F$13:$F$32))) | R73: =IF(OR(A73="",D73=""),0,MAX(0,NETWORKDAYS(MAX(D73,DATE(Einstellungen!$C$3,7,1)),MIN(J73,DATE(Einstellungen!$C$3,8,0)),Einstellungen!$F$13:$F$32))) | S73: =IF(OR(A73="",D73=""),0,MAX(0,NETWORKDAYS(MAX(D73,DATE(Einstellungen!$C$3,8,1)),MIN(J73,DATE(Einstellungen!$C$3,9,0)),Einstellungen!$F$13:$F$32))) | T73: =IF(OR(A73="",D73=""),0,MAX(0,NETWORKDAYS(MAX(D73,DATE(Einstellungen!$C$3,9,1)),MIN(J73,DATE(Einstellungen!$C$3,10,0)),Einstellungen!$F$13:$F$32))) | U73: =IF(OR(A73="",D73=""),0,MAX(0,NETWORKDAYS(MAX(D73,DATE(Einstellungen!$C$3,10,1)),MIN(J73,DATE(Einstellungen!$C$3,11,0)),Einstellungen!$F$13:$F$32))) | V73: =IF(OR(A73="",D73=""),0,MAX(0,NETWORKDAYS(MAX(D73,DATE(Einstellungen!$C$3,11,1)),MIN(J73,DATE(Einstellungen!$C$3,12,0)),Einstellungen!$F$13:$F$32))) | W73: =IF(OR(A73="",D73=""),0,MAX(0,NETWORKDAYS(MAX(D73,DATE(Einstellungen!$C$3,12,1)),MIN(J73,DATE(Einstellungen!$C$3,13,0)),Einstellungen!$F$13:$F$32))) | X73: =L73*K73 | Y73: =M73*K73 | Z73: =N73*K73 | AA73: =O73*K73 | AB73: =P73*K73 | AC73: =Q73*K73 | AD73: =R73*K73 | AE73: =S73*K73 | AF73: =T73*K73 | AG73: =U73*K73 | AH73: =V73*K73 | AI73: =W73*K73
A74: 1041 | B74: =IF(A74="","",IFERROR(INDEX(Mitarbeiter!$B$6:$B$205,MATCH($A74,Mitarbeiter!$A$6:$A$205,0)),"?")) | C74: Objekt 2 | D74: 46166 | E74: 46166 | F74: =IF(A74="","",SUM(L74:W74)) | G74: =IF(A74="","",SUM(X74:AI74)) | H74: =IF(A74="","",IF(ISNA(MATCH(A74,Mitarbeiter!$A$6:$A$205,0)),"Pers.-Nr. unbekannt",IF(D74="","Von fehlt",IF(AND(C74<>Einstellungen!$C$4,C74<>Einstellungen!$C$5),"Objekt fehlt",IF(J74<D74,"Bis vor Von",IF(D74<INDEX(Mitarbeiter!$C$6:$C$205,MATCH($A74,Mitarbeiter!$A$6:$A$205,0)),"vor Eintritt",IF(AND(INDEX(Mitarbeiter!$D$6:$D$205,MATCH($A74,Mitarbeiter!$A$6:$A$205,0))<>"",D74>INDEX(Mitarbeiter!$D$6:$D$205,MATCH($A74,Mitarbeiter!$A$6:$A$205,0))),"nach Austritt",IF(E74="","offen","ok")))))))) | J74: =IF(A74="","",IF(E74="",Einstellungen!$C$9,E74)) | K74: =IF(A74="",0,IFERROR(INDEX(Mitarbeiter!$F$6:$F$205,MATCH($A74,Mitarbeiter!$A$6:$A$205,0)),0)) | L74: =IF(OR(A74="",D74=""),0,MAX(0,NETWORKDAYS(MAX(D74,DATE(Einstellungen!$C$3,1,1)),MIN(J74,DATE(Einstellungen!$C$3,2,0)),Einstellungen!$F$13:$F$32))) | M74: =IF(OR(A74="",D74=""),0,MAX(0,NETWORKDAYS(MAX(D74,DATE(Einstellungen!$C$3,2,1)),MIN(J74,DATE(Einstellungen!$C$3,3,0)),Einstellungen!$F$13:$F$32))) | N74: =IF(OR(A74="",D74=""),0,MAX(0,NETWORKDAYS(MAX(D74,DATE(Einstellungen!$C$3,3,1)),MIN(J74,DATE(Einstellungen!$C$3,4,0)),Einstellungen!$F$13:$F$32))) | O74: =IF(OR(A74="",D74=""),0,MAX(0,NETWORKDAYS(MAX(D74,DATE(Einstellungen!$C$3,4,1)),MIN(J74,DATE(Einstellungen!$C$3,5,0)),Einstellungen!$F$13:$F$32))) | P74: =IF(OR(A74="",D74=""),0,MAX(0,NETWORKDAYS(MAX(D74,DATE(Einstellungen!$C$3,5,1)),MIN(J74,DATE(Einstellungen!$C$3,6,0)),Einstellungen!$F$13:$F$32))) | Q74: =IF(OR(A74="",D74=""),0,MAX(0,NETWORKDAYS(MAX(D74,DATE(Einstellungen!$C$3,6,1)),MIN(J74,DATE(Einstellungen!$C$3,7,0)),Einstellungen!$F$13:$F$32))) | R74: =IF(OR(A74="",D74=""),0,MAX(0,NETWORKDAYS(MAX(D74,DATE(Einstellungen!$C$3,7,1)),MIN(J74,DATE(Einstellungen!$C$3,8,0)),Einstellungen!$F$13:$F$32))) | S74: =IF(OR(A74="",D74=""),0,MAX(0,NETWORKDAYS(MAX(D74,DATE(Einstellungen!$C$3,8,1)),MIN(J74,DATE(Einstellungen!$C$3,9,0)),Einstellungen!$F$13:$F$32))) | T74: =IF(OR(A74="",D74=""),0,MAX(0,NETWORKDAYS(MAX(D74,DATE(Einstellungen!$C$3,9,1)),MIN(J74,DATE(Einstellungen!$C$3,10,0)),Einstellungen!$F$13:$F$32))) | U74: =IF(OR(A74="",D74=""),0,MAX(0,NETWORKDAYS(MAX(D74,DATE(Einstellungen!$C$3,10,1)),MIN(J74,DATE(Einstellungen!$C$3,11,0)),Einstellungen!$F$13:$F$32))) | V74: =IF(OR(A74="",D74=""),0,MAX(0,NETWORKDAYS(MAX(D74,DATE(Einstellungen!$C$3,11,1)),MIN(J74,DATE(Einstellungen!$C$3,12,0)),Einstellungen!$F$13:$F$32))) | W74: =IF(OR(A74="",D74=""),0,MAX(0,NETWORKDAYS(MAX(D74,DATE(Einstellungen!$C$3,12,1)),MIN(J74,DATE(Einstellungen!$C$3,13,0)),Einstellungen!$F$13:$F$32))) | X74: =L74*K74 | Y74: =M74*K74 | Z74: =N74*K74 | AA74: =O74*K74 | AB74: =P74*K74 | AC74: =Q74*K74 | AD74: =R74*K74 | AE74: =S74*K74 | AF74: =T74*K74 | AG74: =U74*K74 | AH74: =V74*K74 | AI74: =W74*K74
A75: 1022 | B75: =IF(A75="","",IFERROR(INDEX(Mitarbeiter!$B$6:$B$205,MATCH($A75,Mitarbeiter!$A$6:$A$205,0)),"?")) | C75: Objekt 2 | D75: 46166 | E75: 46166 | F75: =IF(A75="","",SUM(L75:W75)) | G75: =IF(A75="","",SUM(X75:AI75)) | H75: =IF(A75="","",IF(ISNA(MATCH(A75,Mitarbeiter!$A$6:$A$205,0)),"Pers.-Nr. unbekannt",IF(D75="","Von fehlt",IF(AND(C75<>Einstellungen!$C$4,C75<>Einstellungen!$C$5),"Objekt fehlt",IF(J75<D75,"Bis vor Von",IF(D75<INDEX(Mitarbeiter!$C$6:$C$205,MATCH($A75,Mitarbeiter!$A$6:$A$205,0)),"vor Eintritt",IF(AND(INDEX(Mitarbeiter!$D$6:$D$205,MATCH($A75,Mitarbeiter!$A$6:$A$205,0))<>"",D75>INDEX(Mitarbeiter!$D$6:$D$205,MATCH($A75,Mitarbeiter!$A$6:$A$205,0))),"nach Austritt",IF(E75="","offen","ok")))))))) | J75: =IF(A75="","",IF(E75="",Einstellungen!$C$9,E75)) | K75: =IF(A75="",0,IFERROR(INDEX(Mitarbeiter!$F$6:$F$205,MATCH($A75,Mitarbeiter!$A$6:$A$205,0)),0)) | L75: =IF(OR(A75="",D75=""),0,MAX(0,NETWORKDAYS(MAX(D75,DATE(Einstellungen!$C$3,1,1)),MIN(J75,DATE(Einstellungen!$C$3,2,0)),Einstellungen!$F$13:$F$32))) | M75: =IF(OR(A75="",D75=""),0,MAX(0,NETWORKDAYS(MAX(D75,DATE(Einstellungen!$C$3,2,1)),MIN(J75,DATE(Einstellungen!$C$3,3,0)),Einstellungen!$F$13:$F$32))) | N75: =IF(OR(A75="",D75=""),0,MAX(0,NETWORKDAYS(MAX(D75,DATE(Einstellungen!$C$3,3,1)),MIN(J75,DATE(Einstellungen!$C$3,4,0)),Einstellungen!$F$13:$F$32))) | O75: =IF(OR(A75="",D75=""),0,MAX(0,NETWORKDAYS(MAX(D75,DATE(Einstellungen!$C$3,4,1)),MIN(J75,DATE(Einstellungen!$C$3,5,0)),Einstellungen!$F$13:$F$32))) | P75: =IF(OR(A75="",D75=""),0,MAX(0,NETWORKDAYS(MAX(D75,DATE(Einstellungen!$C$3,5,1)),MIN(J75,DATE(Einstellungen!$C$3,6,0)),Einstellungen!$F$13:$F$32))) | Q75: =IF(OR(A75="",D75=""),0,MAX(0,NETWORKDAYS(MAX(D75,DATE(Einstellungen!$C$3,6,1)),MIN(J75,DATE(Einstellungen!$C$3,7,0)),Einstellungen!$F$13:$F$32))) | R75: =IF(OR(A75="",D75=""),0,MAX(0,NETWORKDAYS(MAX(D75,DATE(Einstellungen!$C$3,7,1)),MIN(J75,DATE(Einstellungen!$C$3,8,0)),Einstellungen!$F$13:$F$32))) | S75: =IF(OR(A75="",D75=""),0,MAX(0,NETWORKDAYS(MAX(D75,DATE(Einstellungen!$C$3,8,1)),MIN(J75,DATE(Einstellungen!$C$3,9,0)),Einstellungen!$F$13:$F$32))) | T75: =IF(OR(A75="",D75=""),0,MAX(0,NETWORKDAYS(MAX(D75,DATE(Einstellungen!$C$3,9,1)),MIN(J75,DATE(Einstellungen!$C$3,10,0)),Einstellungen!$F$13:$F$32))) | U75: =IF(OR(A75="",D75=""),0,MAX(0,NETWORKDAYS(MAX(D75,DATE(Einstellungen!$C$3,10,1)),MIN(J75,DATE(Einstellungen!$C$3,11,0)),Einstellungen!$F$13:$F$32))) | V75: =IF(OR(A75="",D75=""),0,MAX(0,NETWORKDAYS(MAX(D75,DATE(Einstellungen!$C$3,11,1)),MIN(J75,DATE(Einstellungen!$C$3,12,0)),Einstellungen!$F$13:$F$32))) | W75: =IF(OR(A75="",D75=""),0,MAX(0,NETWORKDAYS(MAX(D75,DATE(Einstellungen!$C$3,12,1)),MIN(J75,DATE(Einstellungen!$C$3,13,0)),Einstellungen!$F$13:$F$32))) | X75: =L75*K75 | Y75: =M75*K75 | Z75: =N75*K75 | AA75: =O75*K75 | AB75: =P75*K75 | AC75: =Q75*K75 | AD75: =R75*K75 | AE75: =S75*K75 | AF75: =T75*K75 | AG75: =U75*K75 | AH75: =V75*K75 | AI75: =W75*K75
A76: 1019 | B76: =IF(A76="","",IFERROR(INDEX(Mitarbeiter!$B$6:$B$205,MATCH($A76,Mitarbeiter!$A$6:$A$205,0)),"?")) | C76: Objekt 1 | D76: 46168 | E76: 46172 | F76: =IF(A76="","",SUM(L76:W76)) | G76: =IF(A76="","",SUM(X76:AI76)) | H76: =IF(A76="","",IF(ISNA(MATCH(A76,Mitarbeiter!$A$6:$A$205,0)),"Pers.-Nr. unbekannt",IF(D76="","Von fehlt",IF(AND(C76<>Einstellungen!$C$4,C76<>Einstellungen!$C$5),"Objekt fehlt",IF(J76<D76,"Bis vor Von",IF(D76<INDEX(Mitarbeiter!$C$6:$C$205,MATCH($A76,Mitarbeiter!$A$6:$A$205,0)),"vor Eintritt",IF(AND(INDEX(Mitarbeiter!$D$6:$D$205,MATCH($A76,Mitarbeiter!$A$6:$A$205,0))<>"",D76>INDEX(Mitarbeiter!$D$6:$D$205,MATCH($A76,Mitarbeiter!$A$6:$A$205,0))),"nach Austritt",IF(E76="","offen","ok")))))))) | J76: =IF(A76="","",IF(E76="",Einstellungen!$C$9,E76)) | K76: =IF(A76="",0,IFERROR(INDEX(Mitarbeiter!$F$6:$F$205,MATCH($A76,Mitarbeiter!$A$6:$A$205,0)),0)) | L76: =IF(OR(A76="",D76=""),0,MAX(0,NETWORKDAYS(MAX(D76,DATE(Einstellungen!$C$3,1,1)),MIN(J76,DATE(Einstellungen!$C$3,2,0)),Einstellungen!$F$13:$F$32))) | M76: =IF(OR(A76="",D76=""),0,MAX(0,NETWORKDAYS(MAX(D76,DATE(Einstellungen!$C$3,2,1)),MIN(J76,DATE(Einstellungen!$C$3,3,0)),Einstellungen!$F$13:$F$32))) | N76: =IF(OR(A76="",D76=""),0,MAX(0,NETWORKDAYS(MAX(D76,DATE(Einstellungen!$C$3,3,1)),MIN(J76,DATE(Einstellungen!$C$3,4,0)),Einstellungen!$F$13:$F$32))) | O76: =IF(OR(A76="",D76=""),0,MAX(0,NETWORKDAYS(MAX(D76,DATE(Einstellungen!$C$3,4,1)),MIN(J76,DATE(Einstellungen!$C$3,5,0)),Einstellungen!$F$13:$F$32))) | P76: =IF(OR(A76="",D76=""),0,MAX(0,NETWORKDAYS(MAX(D76,DATE(Einstellungen!$C$3,5,1)),MIN(J76,DATE(Einstellungen!$C$3,6,0)),Einstellungen!$F$13:$F$32))) | Q76: =IF(OR(A76="",D76=""),0,MAX(0,NETWORKDAYS(MAX(D76,DATE(Einstellungen!$C$3,6,1)),MIN(J76,DATE(Einstellungen!$C$3,7,0)),Einstellungen!$F$13:$F$32))) | R76: =IF(OR(A76="",D76=""),0,MAX(0,NETWORKDAYS(MAX(D76,DATE(Einstellungen!$C$3,7,1)),MIN(J76,DATE(Einstellungen!$C$3,8,0)),Einstellungen!$F$13:$F$32))) | S76: =IF(OR(A76="",D76=""),0,MAX(0,NETWORKDAYS(MAX(D76,DATE(Einstellungen!$C$3,8,1)),MIN(J76,DATE(Einstellungen!$C$3,9,0)),Einstellungen!$F$13:$F$32))) | T76: =IF(OR(A76="",D76=""),0,MAX(0,NETWORKDAYS(MAX(D76,DATE(Einstellungen!$C$3,9,1)),MIN(J76,DATE(Einstellungen!$C$3,10,0)),Einstellungen!$F$13:$F$32))) | U76: =IF(OR(A76="",D76=""),0,MAX(0,NETWORKDAYS(MAX(D76,DATE(Einstellungen!$C$3,10,1)),MIN(J76,DATE(Einstellungen!$C$3,11,0)),Einstellungen!$F$13:$F$32))) | V76: =IF(OR(A76="",D76=""),0,MAX(0,NETWORKDAYS(MAX(D76,DATE(Einstellungen!$C$3,11,1)),MIN(J76,DATE(Einstellungen!$C$3,12,0)),Einstellungen!$F$13:$F$32))) | W76: =IF(OR(A76="",D76=""),0,MAX(0,NETWORKDAYS(MAX(D76,DATE(Einstellungen!$C$3,12,1)),MIN(J76,DATE(Einstellungen!$C$3,13,0)),Einstellungen!$F$13:$F$32))) | X76: =L76*K76 | Y76: =M76*K76 | Z76: =N76*K76 | AA76: =O76*K76 | AB76: =P76*K76 | AC76: =Q76*K76 | AD76: =R76*K76 | AE76: =S76*K76 | AF76: =T76*K76 | AG76: =U76*K76 | AH76: =V76*K76 | AI76: =W76*K76
A77: 1049 | B77: =IF(A77="","",IFERROR(INDEX(Mitarbeiter!$B$6:$B$205,MATCH($A77,Mitarbeiter!$A$6:$A$205,0)),"?")) | C77: Objekt 2 | D77: 46174 | E77: 46187 | F77: =IF(A77="","",SUM(L77:W77)) | G77: =IF(A77="","",SUM(X77:AI77)) | H77: =IF(A77="","",IF(ISNA(MATCH(A77,Mitarbeiter!$A$6:$A$205,0)),"Pers.-Nr. unbekannt",IF(D77="","Von fehlt",IF(AND(C77<>Einstellungen!$C$4,C77<>Einstellungen!$C$5),"Objekt fehlt",IF(J77<D77,"Bis vor Von",IF(D77<INDEX(Mitarbeiter!$C$6:$C$205,MATCH($A77,Mitarbeiter!$A$6:$A$205,0)),"vor Eintritt",IF(AND(INDEX(Mitarbeiter!$D$6:$D$205,MATCH($A77,Mitarbeiter!$A$6:$A$205,0))<>"",D77>INDEX(Mitarbeiter!$D$6:$D$205,MATCH($A77,Mitarbeiter!$A$6:$A$205,0))),"nach Austritt",IF(E77="","offen","ok")))))))) | J77: =IF(A77="","",IF(E77="",Einstellungen!$C$9,E77)) | K77: =IF(A77="",0,IFERROR(INDEX(Mitarbeiter!$F$6:$F$205,MATCH($A77,Mitarbeiter!$A$6:$A$205,0)),0)) | L77: =IF(OR(A77="",D77=""),0,MAX(0,NETWORKDAYS(MAX(D77,DATE(Einstellungen!$C$3,1,1)),MIN(J77,DATE(Einstellungen!$C$3,2,0)),Einstellungen!$F$13:$F$32))) | M77: =IF(OR(A77="",D77=""),0,MAX(0,NETWORKDAYS(MAX(D77,DATE(Einstellungen!$C$3,2,1)),MIN(J77,DATE(Einstellungen!$C$3,3,0)),Einstellungen!$F$13:$F$32))) | N77: =IF(OR(A77="",D77=""),0,MAX(0,NETWORKDAYS(MAX(D77,DATE(Einstellungen!$C$3,3,1)),MIN(J77,DATE(Einstellungen!$C$3,4,0)),Einstellungen!$F$13:$F$32))) | O77: =IF(OR(A77="",D77=""),0,MAX(0,NETWORKDAYS(MAX(D77,DATE(Einstellungen!$C$3,4,1)),MIN(J77,DATE(Einstellungen!$C$3,5,0)),Einstellungen!$F$13:$F$32))) | P77: =IF(OR(A77="",D77=""),0,MAX(0,NETWORKDAYS(MAX(D77,DATE(Einstellungen!$C$3,5,1)),MIN(J77,DATE(Einstellungen!$C$3,6,0)),Einstellungen!$F$13:$F$32))) | Q77: =IF(OR(A77="",D77=""),0,MAX(0,NETWORKDAYS(MAX(D77,DATE(Einstellungen!$C$3,6,1)),MIN(J77,DATE(Einstellungen!$C$3,7,0)),Einstellungen!$F$13:$F$32))) | R77: =IF(OR(A77="",D77=""),0,MAX(0,NETWORKDAYS(MAX(D77,DATE(Einstellungen!$C$3,7,1)),MIN(J77,DATE(Einstellungen!$C$3,8,0)),Einstellungen!$F$13:$F$32))) | S77: =IF(OR(A77="",D77=""),0,MAX(0,NETWORKDAYS(MAX(D77,DATE(Einstellungen!$C$3,8,1)),MIN(J77,DATE(Einstellungen!$C$3,9,0)),Einstellungen!$F$13:$F$32))) | T77: =IF(OR(A77="",D77=""),0,MAX(0,NETWORKDAYS(MAX(D77,DATE(Einstellungen!$C$3,9,1)),MIN(J77,DATE(Einstellungen!$C$3,10,0)),Einstellungen!$F$13:$F$32))) | U77: =IF(OR(A77="",D77=""),0,MAX(0,NETWORKDAYS(MAX(D77,DATE(Einstellungen!$C$3,10,1)),MIN(J77,DATE(Einstellungen!$C$3,11,0)),Einstellungen!$F$13:$F$32))) | V77: =IF(OR(A77="",D77=""),0,MAX(0,NETWORKDAYS(MAX(D77,DATE(Einstellungen!$C$3,11,1)),MIN(J77,DATE(Einstellungen!$C$3,12,0)),Einstellungen!$F$13:$F$32))) | W77: =IF(OR(A77="",D77=""),0,MAX(0,NETWORKDAYS(MAX(D77,DATE(Einstellungen!$C$3,12,1)),MIN(J77,DATE(Einstellungen!$C$3,13,0)),Einstellungen!$F$13:$F$32))) | X77: =L77*K77 | Y77: =M77*K77 | Z77: =N77*K77 | AA77: =O77*K77 | AB77: =P77*K77 | AC77: =Q77*K77 | AD77: =R77*K77 | AE77: =S77*K77 | AF77: =T77*K77 | AG77: =U77*K77 | AH77: =V77*K77 | AI77: =W77*K77
A78: 1019 | B78: =IF(A78="","",IFERROR(INDEX(Mitarbeiter!$B$6:$B$205,MATCH($A78,Mitarbeiter!$A$6:$A$205,0)),"?")) | C78: Objekt 2 | D78: 46177 | E78: 46178 | F78: =IF(A78="","",SUM(L78:W78)) | G78: =IF(A78="","",SUM(X78:AI78)) | H78: =IF(A78="","",IF(ISNA(MATCH(A78,Mitarbeiter!$A$6:$A$205,0)),"Pers.-Nr. unbekannt",IF(D78="","Von fehlt",IF(AND(C78<>Einstellungen!$C$4,C78<>Einstellungen!$C$5),"Objekt fehlt",IF(J78<D78,"Bis vor Von",IF(D78<INDEX(Mitarbeiter!$C$6:$C$205,MATCH($A78,Mitarbeiter!$A$6:$A$205,0)),"vor Eintritt",IF(AND(INDEX(Mitarbeiter!$D$6:$D$205,MATCH($A78,Mitarbeiter!$A$6:$A$205,0))<>"",D78>INDEX(Mitarbeiter!$D$6:$D$205,MATCH($A78,Mitarbeiter!$A$6:$A$205,0))),"nach Austritt",IF(E78="","offen","ok")))))))) | J78: =IF(A78="","",IF(E78="",Einstellungen!$C$9,E78)) | K78: =IF(A78="",0,IFERROR(INDEX(Mitarbeiter!$F$6:$F$205,MATCH($A78,Mitarbeiter!$A$6:$A$205,0)),0)) | L78: =IF(OR(A78="",D78=""),0,MAX(0,NETWORKDAYS(MAX(D78,DATE(Einstellungen!$C$3,1,1)),MIN(J78,DATE(Einstellungen!$C$3,2,0)),Einstellungen!$F$13:$F$32))) | M78: =IF(OR(A78="",D78=""),0,MAX(0,NETWORKDAYS(MAX(D78,DATE(Einstellungen!$C$3,2,1)),MIN(J78,DATE(Einstellungen!$C$3,3,0)),Einstellungen!$F$13:$F$32))) | N78: =IF(OR(A78="",D78=""),0,MAX(0,NETWORKDAYS(MAX(D78,DATE(Einstellungen!$C$3,3,1)),MIN(J78,DATE(Einstellungen!$C$3,4,0)),Einstellungen!$F$13:$F$32))) | O78: =IF(OR(A78="",D78=""),0,MAX(0,NETWORKDAYS(MAX(D78,DATE(Einstellungen!$C$3,4,1)),MIN(J78,DATE(Einstellungen!$C$3,5,0)),Einstellungen!$F$13:$F$32))) | P78: =IF(OR(A78="",D78=""),0,MAX(0,NETWORKDAYS(MAX(D78,DATE(Einstellungen!$C$3,5,1)),MIN(J78,DATE(Einstellungen!$C$3,6,0)),Einstellungen!$F$13:$F$32))) | Q78: =IF(OR(A78="",D78=""),0,MAX(0,NETWORKDAYS(MAX(D78,DATE(Einstellungen!$C$3,6,1)),MIN(J78,DATE(Einstellungen!$C$3,7,0)),Einstellungen!$F$13:$F$32))) | R78: =IF(OR(A78="",D78=""),0,MAX(0,NETWORKDAYS(MAX(D78,DATE(Einstellungen!$C$3,7,1)),MIN(J78,DATE(Einstellungen!$C$3,8,0)),Einstellungen!$F$13:$F$32))) | S78: =IF(OR(A78="",D78=""),0,MAX(0,NETWORKDAYS(MAX(D78,DATE(Einstellungen!$C$3,8,1)),MIN(J78,DATE(Einstellungen!$C$3,9,0)),Einstellungen!$F$13:$F$32))) | T78: =IF(OR(A78="",D78=""),0,MAX(0,NETWORKDAYS(MAX(D78,DATE(Einstellungen!$C$3,9,1)),MIN(J78,DATE(Einstellungen!$C$3,10,0)),Einstellungen!$F$13:$F$32))) | U78: =IF(OR(A78="",D78=""),0,MAX(0,NETWORKDAYS(MAX(D78,DATE(Einstellungen!$C$3,10,1)),MIN(J78,DATE(Einstellungen!$C$3,11,0)),Einstellungen!$F$13:$F$32))) | V78: =IF(OR(A78="",D78=""),0,MAX(0,NETWORKDAYS(MAX(D78,DATE(Einstellungen!$C$3,11,1)),MIN(J78,DATE(Einstellungen!$C$3,12,0)),Einstellungen!$F$13:$F$32))) | W78: =IF(OR(A78="",D78=""),0,MAX(0,NETWORKDAYS(MAX(D78,DATE(Einstellungen!$C$3,12,1)),MIN(J78,DATE(Einstellungen!$C$3,13,0)),Einstellungen!$F$13:$F$32))) | X78: =L78*K78 | Y78: =M78*K78 | Z78: =N78*K78 | AA78: =O78*K78 | AB78: =P78*K78 | AC78: =Q78*K78 | AD78: =R78*K78 | AE78: =S78*K78 | AF78: =T78*K78 | AG78: =U78*K78 | AH78: =V78*K78 | AI78: =W78*K78
A79: 1025 | B79: =IF(A79="","",IFERROR(INDEX(Mitarbeiter!$B$6:$B$205,MATCH($A79,Mitarbeiter!$A$6:$A$205,0)),"?")) | C79: Objekt 2 | D79: 46177 | E79: 46183 | F79: =IF(A79="","",SUM(L79:W79)) | G79: =IF(A79="","",SUM(X79:AI79)) | H79: =IF(A79="","",IF(ISNA(MATCH(A79,Mitarbeiter!$A$6:$A$205,0)),"Pers.-Nr. unbekannt",IF(D79="","Von fehlt",IF(AND(C79<>Einstellungen!$C$4,C79<>Einstellungen!$C$5),"Objekt fehlt",IF(J79<D79,"Bis vor Von",IF(D79<INDEX(Mitarbeiter!$C$6:$C$205,MATCH($A79,Mitarbeiter!$A$6:$A$205,0)),"vor Eintritt",IF(AND(INDEX(Mitarbeiter!$D$6:$D$205,MATCH($A79,Mitarbeiter!$A$6:$A$205,0))<>"",D79>INDEX(Mitarbeiter!$D$6:$D$205,MATCH($A79,Mitarbeiter!$A$6:$A$205,0))),"nach Austritt",IF(E79="","offen","ok")))))))) | J79: =IF(A79="","",IF(E79="",Einstellungen!$C$9,E79)) | K79: =IF(A79="",0,IFERROR(INDEX(Mitarbeiter!$F$6:$F$205,MATCH($A79,Mitarbeiter!$A$6:$A$205,0)),0)) | L79: =IF(OR(A79="",D79=""),0,MAX(0,NETWORKDAYS(MAX(D79,DATE(Einstellungen!$C$3,1,1)),MIN(J79,DATE(Einstellungen!$C$3,2,0)),Einstellungen!$F$13:$F$32))) | M79: =IF(OR(A79="",D79=""),0,MAX(0,NETWORKDAYS(MAX(D79,DATE(Einstellungen!$C$3,2,1)),MIN(J79,DATE(Einstellungen!$C$3,3,0)),Einstellungen!$F$13:$F$32))) | N79: =IF(OR(A79="",D79=""),0,MAX(0,NETWORKDAYS(MAX(D79,DATE(Einstellungen!$C$3,3,1)),MIN(J79,DATE(Einstellungen!$C$3,4,0)),Einstellungen!$F$13:$F$32))) | O79: =IF(OR(A79="",D79=""),0,MAX(0,NETWORKDAYS(MAX(D79,DATE(Einstellungen!$C$3,4,1)),MIN(J79,DATE(Einstellungen!$C$3,5,0)),Einstellungen!$F$13:$F$32))) | P79: =IF(OR(A79="",D79=""),0,MAX(0,NETWORKDAYS(MAX(D79,DATE(Einstellungen!$C$3,5,1)),MIN(J79,DATE(Einstellungen!$C$3,6,0)),Einstellungen!$F$13:$F$32))) | Q79: =IF(OR(A79="",D79=""),0,MAX(0,NETWORKDAYS(MAX(D79,DATE(Einstellungen!$C$3,6,1)),MIN(J79,DATE(Einstellungen!$C$3,7,0)),Einstellungen!$F$13:$F$32))) | R79: =IF(OR(A79="",D79=""),0,MAX(0,NETWORKDAYS(MAX(D79,DATE(Einstellungen!$C$3,7,1)),MIN(J79,DATE(Einstellungen!$C$3,8,0)),Einstellungen!$F$13:$F$32))) | S79: =IF(OR(A79="",D79=""),0,MAX(0,NETWORKDAYS(MAX(D79,DATE(Einstellungen!$C$3,8,1)),MIN(J79,DATE(Einstellungen!$C$3,9,0)),Einstellungen!$F$13:$F$32))) | T79: =IF(OR(A79="",D79=""),0,MAX(0,NETWORKDAYS(MAX(D79,DATE(Einstellungen!$C$3,9,1)),MIN(J79,DATE(Einstellungen!$C$3,10,0)),Einstellungen!$F$13:$F$32))) | U79: =IF(OR(A79="",D79=""),0,MAX(0,NETWORKDAYS(MAX(D79,DATE(Einstellungen!$C$3,10,1)),MIN(J79,DATE(Einstellungen!$C$3,11,0)),Einstellungen!$F$13:$F$32))) | V79: =IF(OR(A79="",D79=""),0,MAX(0,NETWORKDAYS(MAX(D79,DATE(Einstellungen!$C$3,11,1)),MIN(J79,DATE(Einstellungen!$C$3,12,0)),Einstellungen!$F$13:$F$32))) | W79: =IF(OR(A79="",D79=""),0,MAX(0,NETWORKDAYS(MAX(D79,DATE(Einstellungen!$C$3,12,1)),MIN(J79,DATE(Einstellungen!$C$3,13,0)),Einstellungen!$F$13:$F$32))) | X79: =L79*K79 | Y79: =M79*K79 | Z79: =N79*K79 | AA79: =O79*K79 | AB79: =P79*K79 | AC79: =Q79*K79 | AD79: =R79*K79 | AE79: =S79*K79 | AF79: =T79*K79 | AG79: =U79*K79 | AH79: =V79*K79 | AI79: =W79*K79
... A123: 1003 | B123: =IF(A123="","",IFERROR(INDEX(Mitarbeiter!$B$6:$B$205,MATCH($A123,Mitarbeiter!$A$6:$A$205,0)),"?")) | C123: Objekt 1 | D123: 46292 | E123: 46298 | F123: =IF(A123="","",SUM(L123:W123)) | G123: =IF(A123="","",SUM(X123:AI123)) | H123: =IF(A123="","",IF(ISNA(MATCH(A123,Mitarbeiter!$A$6:$A$205,0)),"Pers.-Nr. unbekannt",IF(D123="","Von fehlt",IF(AND(C123<>Einstellungen!$C$4,C123<>Einstellungen!$C$5),"Objekt fehlt",IF(J123<D123,"Bis vor Von",IF(D123<INDEX(Mitarbeiter!$C$6:$C$205,MATCH($A123,Mitarbeiter!$A$6:$A$205,0)),"vor Eintritt",IF(AND(INDEX(Mitarbeiter!$D$6:$D$205,MATCH($A123,Mitarbeiter!$A$6:$A$205,0))<>"",D123>INDEX(Mitarbeiter!$D$6:$D$205,MATCH($A123,Mitarbeiter!$A$6:$A$205,0))),"nach Austritt",IF(E123="","offen","ok")))))))) | J123: =IF(A123="","",IF(E123="",Einstellungen!$C$9,E123)) | K123: =IF(A123="",0,IFERROR(INDEX(Mitarbeiter!$F$6:$F$205,MATCH($A123,Mitarbeiter!$A$6:$A$205,0)),0)) | L123: =IF(OR(A123="",D123=""),0,MAX(0,NETWORKDAYS(MAX(D123,DATE(Einstellungen!$C$3,1,1)),MIN(J123,DATE(Einstellungen!$C$3,2,0)),Einstellungen!$F$13:$F$32))) | M123: =IF(OR(A123="",D123=""),0,MAX(0,NETWORKDAYS(MAX(D123,DATE(Einstellungen!$C$3,2,1)),MIN(J123,DATE(Einstellungen!$C$3,3,0)),Einstellungen!$F$13:$F$32))) | N123: =IF(OR(A123="",D123=""),0,MAX(0,NETWORKDAYS(MAX(D123,DATE(Einstellungen!$C$3,3,1)),MIN(J123,DATE(Einstellungen!$C$3,4,0)),Einstellungen!$F$13:$F$32))) | O123: =IF(OR(A123="",D123=""),0,MAX(0,NETWORKDAYS(MAX(D123,DATE(Einstellungen!$C$3,4,1)),MIN(J123,DATE(Einstellungen!$C$3,5,0)),Einstellungen!$F$13:$F$32))) | P123: =IF(OR(A123="",D123=""),0,MAX(0,NETWORKDAYS(MAX(D123,DATE(Einstellungen!$C$3,5,1)),MIN(J123,DATE(Einstellungen!$C$3,6,0)),Einstellungen!$F$13:$F$32))) | Q123: =IF(OR(A123="",D123=""),0,MAX(0,NETWORKDAYS(MAX(D123,DATE(Einstellungen!$C$3,6,1)),MIN(J123,DATE(Einstellungen!$C$3,7,0)),Einstellungen!$F$13:$F$32))) | R123: =IF(OR(A123="",D123=""),0,MAX(0,NETWORKDAYS(MAX(D123,DATE(Einstellungen!$C$3,7,1)),MIN(J123,DATE(Einstellungen!$C$3,8,0)),Einstellungen!$F$13:$F$32))) | S123: =IF(OR(A123="",D123=""),0,MAX(0,NETWORKDAYS(MAX(D123,DATE(Einstellungen!$C$3,8,1)),MIN(J123,DATE(Einstellungen!$C$3,9,0)),Einstellungen!$F$13:$F$32))) | T123: =IF(OR(A123="",D123=""),0,MAX(0,NETWORKDAYS(MAX(D123,DATE(Einstellungen!$C$3,9,1)),MIN(J123,DATE(Einstellungen!$C$3,10,0)),Einstellungen!$F$13:$F$32))) | U123: =IF(OR(A123="",D123=""),0,MAX(0,NETWORKDAYS(MAX(D123,DATE(Einstellungen!$C$3,10,1)),MIN(J123,DATE(Einstellungen!$C$3,11,0)),Einstellungen!$F$13:$F$32))) | V123: =IF(OR(A123="",D123=""),0,MAX(0,NETWORKDAYS(MAX(D123,DATE(Einstellungen!$C$3,11,1)),MIN(J123,DATE(Einstellungen!$C$3,12,0)),Einstellungen!$F$13:$F$32))) | W123: =IF(OR(A123="",D123=""),0,MAX(0,NETWORKDAYS(MAX(D123,DATE(Einstellungen!$C$3,12,1)),MIN(J123,DATE(Einstellungen!$C$3,13,0)),Einstellungen!$F$13:$F$32))) | X123: =L123*K123 | Y123: =M123*K123 | Z123: =N123*K123 | AA123: =O123*K123 | AB123: =P123*K123 | AC123: =Q123*K123 | AD123: =R123*K123 | AE123: =S123*K123 | AF123: =T123*K123 | AG123: =U123*K123 | AH123: =V123*K123 | AI123: =W123*K123
B124: =IF(A124="","",IFERROR(INDEX(Mitarbeiter!$B$6:$B$205,MATCH($A124,Mitarbeiter!$A$6:$A$205,0)),"?")) | F124: =IF(A124="","",SUM(L124:W124)) | G124: =IF(A124="","",SUM(X124:AI124)) | H124: =IF(A124="","",IF(ISNA(MATCH(A124,Mitarbeiter!$A$6:$A$205,0)),"Pers.-Nr. unbekannt",IF(D124="","Von fehlt",IF(AND(C124<>Einstellungen!$C$4,C124<>Einstellungen!$C$5),"Objekt fehlt",IF(J124<D124,"Bis vor Von",IF(D124<INDEX(Mitarbeiter!$C$6:$C$205,MATCH($A124,Mitarbeiter!$A$6:$A$205,0)),"vor Eintritt",IF(AND(INDEX(Mitarbeiter!$D$6:$D$205,MATCH($A124,Mitarbeiter!$A$6:$A$205,0))<>"",D124>INDEX(Mitarbeiter!$D$6:$D$205,MATCH($A124,Mitarbeiter!$A$6:$A$205,0))),"nach Austritt",IF(E124="","offen","ok")))))))) | J124: =IF(A124="","",IF(E124="",Einstellungen!$C$9,E124)) | K124: =IF(A124="",0,IFERROR(INDEX(Mitarbeiter!$F$6:$F$205,MATCH($A124,Mitarbeiter!$A$6:$A$205,0)),0)) | L124: =IF(OR(A124="",D124=""),0,MAX(0,NETWORKDAYS(MAX(D124,DATE(Einstellungen!$C$3,1,1)),MIN(J124,DATE(Einstellungen!$C$3,2,0)),Einstellungen!$F$13:$F$32))) | M124: =IF(OR(A124="",D124=""),0,MAX(0,NETWORKDAYS(MAX(D124,DATE(Einstellungen!$C$3,2,1)),MIN(J124,DATE(Einstellungen!$C$3,3,0)),Einstellungen!$F$13:$F$32))) | N124: =IF(OR(A124="",D124=""),0,MAX(0,NETWORKDAYS(MAX(D124,DATE(Einstellungen!$C$3,3,1)),MIN(J124,DATE(Einstellungen!$C$3,4,0)),Einstellungen!$F$13:$F$32))) | O124: =IF(OR(A124="",D124=""),0,MAX(0,NETWORKDAYS(MAX(D124,DATE(Einstellungen!$C$3,4,1)),MIN(J124,DATE(Einstellungen!$C$3,5,0)),Einstellungen!$F$13:$F$32))) | P124: =IF(OR(A124="",D124=""),0,MAX(0,NETWORKDAYS(MAX(D124,DATE(Einstellungen!$C$3,5,1)),MIN(J124,DATE(Einstellungen!$C$3,6,0)),Einstellungen!$F$13:$F$32))) | Q124: =IF(OR(A124="",D124=""),0,MAX(0,NETWORKDAYS(MAX(D124,DATE(Einstellungen!$C$3,6,1)),MIN(J124,DATE(Einstellungen!$C$3,7,0)),Einstellungen!$F$13:$F$32))) | R124: =IF(OR(A124="",D124=""),0,MAX(0,NETWORKDAYS(MAX(D124,DATE(Einstellungen!$C$3,7,1)),MIN(J124,DATE(Einstellungen!$C$3,8,0)),Einstellungen!$F$13:$F$32))) | S124: =IF(OR(A124="",D124=""),0,MAX(0,NETWORKDAYS(MAX(D124,DATE(Einstellungen!$C$3,8,1)),MIN(J124,DATE(Einstellungen!$C$3,9,0)),Einstellungen!$F$13:$F$32))) | T124: =IF(OR(A124="",D124=""),0,MAX(0,NETWORKDAYS(MAX(D124,DATE(Einstellungen!$C$3,9,1)),MIN(J124,DATE(Einstellungen!$C$3,10,0)),Einstellungen!$F$13:$F$32))) | U124: =IF(OR(A124="",D124=""),0,MAX(0,NETWORKDAYS(MAX(D124,DATE(Einstellungen!$C$3,10,1)),MIN(J124,DATE(Einstellungen!$C$3,11,0)),Einstellungen!$F$13:$F$32))) | V124: =IF(OR(A124="",D124=""),0,MAX(0,NETWORKDAYS(MAX(D124,DATE(Einstellungen!$C$3,11,1)),MIN(J124,DATE(Einstellungen!$C$3,12,0)),Einstellungen!$F$13:$F$32))) | W124: =IF(OR(A124="",D124=""),0,MAX(0,NETWORKDAYS(MAX(D124,DATE(Einstellungen!$C$3,12,1)),MIN(J124,DATE(Einstellungen!$C$3,13,0)),Einstellungen!$F$13:$F$32))) | X124: =L124*K124 | Y124: =M124*K124 | Z124: =N124*K124 | AA124: =O124*K124 | AB124: =P124*K124 | AC124: =Q124*K124 | AD124: =R124*K124 | AE124: =S124*K124 | AF124: =T124*K124 | AG124: =U124*K124 | AH124: =V124*K124 | AI124: =W124*K124
B125: =IF(A125="","",IFERROR(INDEX(Mitarbeiter!$B$6:$B$205,MATCH($A125,Mitarbeiter!$A$6:$A$205,0)),"?")) | F125: =IF(A125="","",SUM(L125:W125)) | G125: =IF(A125="","",SUM(X125:AI125)) | H125: =IF(A125="","",IF(ISNA(MATCH(A125,Mitarbeiter!$A$6:$A$205,0)),"Pers.-Nr. unbekannt",IF(D125="","Von fehlt",IF(AND(C125<>Einstellungen!$C$4,C125<>Einstellungen!$C$5),"Objekt fehlt",IF(J125<D125,"Bis vor Von",IF(D125<INDEX(Mitarbeiter!$C$6:$C$205,MATCH($A125,Mitarbeiter!$A$6:$A$205,0)),"vor Eintritt",IF(AND(INDEX(Mitarbeiter!$D$6:$D$205,MATCH($A125,Mitarbeiter!$A$6:$A$205,0))<>"",D125>INDEX(Mitarbeiter!$D$6:$D$205,MATCH($A125,Mitarbeiter!$A$6:$A$205,0))),"nach Austritt",IF(E125="","offen","ok")))))))) | J125: =IF(A125="","",IF(E125="",Einstellungen!$C$9,E125)) | K125: =IF(A125="",0,IFERROR(INDEX(Mitarbeiter!$F$6:$F$205,MATCH($A125,Mitarbeiter!$A$6:$A$205,0)),0)) | L125: =IF(OR(A125="",D125=""),0,MAX(0,NETWORKDAYS(MAX(D125,DATE(Einstellungen!$C$3,1,1)),MIN(J125,DATE(Einstellungen!$C$3,2,0)),Einstellungen!$F$13:$F$32))) | M125: =IF(OR(A125="",D125=""),0,MAX(0,NETWORKDAYS(MAX(D125,DATE(Einstellungen!$C$3,2,1)),MIN(J125,DATE(Einstellungen!$C$3,3,0)),Einstellungen!$F$13:$F$32))) | N125: =IF(OR(A125="",D125=""),0,MAX(0,NETWORKDAYS(MAX(D125,DATE(Einstellungen!$C$3,3,1)),MIN(J125,DATE(Einstellungen!$C$3,4,0)),Einstellungen!$F$13:$F$32))) | O125: =IF(OR(A125="",D125=""),0,MAX(0,NETWORKDAYS(MAX(D125,DATE(Einstellungen!$C$3,4,1)),MIN(J125,DATE(Einstellungen!$C$3,5,0)),Einstellungen!$F$13:$F$32))) | P125: =IF(OR(A125="",D125=""),0,MAX(0,NETWORKDAYS(MAX(D125,DATE(Einstellungen!$C$3,5,1)),MIN(J125,DATE(Einstellungen!$C$3,6,0)),Einstellungen!$F$13:$F$32))) | Q125: =IF(OR(A125="",D125=""),0,MAX(0,NETWORKDAYS(MAX(D125,DATE(Einstellungen!$C$3,6,1)),MIN(J125,DATE(Einstellungen!$C$3,7,0)),Einstellungen!$F$13:$F$32))) | R125: =IF(OR(A125="",D125=""),0,MAX(0,NETWORKDAYS(MAX(D125,DATE(Einstellungen!$C$3,7,1)),MIN(J125,DATE(Einstellungen!$C$3,8,0)),Einstellungen!$F$13:$F$32))) | S125: =IF(OR(A125="",D125=""),0,MAX(0,NETWORKDAYS(MAX(D125,DATE(Einstellungen!$C$3,8,1)),MIN(J125,DATE(Einstellungen!$C$3,9,0)),Einstellungen!$F$13:$F$32))) | T125: =IF(OR(A125="",D125=""),0,MAX(0,NETWORKDAYS(MAX(D125,DATE(Einstellungen!$C$3,9,1)),MIN(J125,DATE(Einstellungen!$C$3,10,0)),Einstellungen!$F$13:$F$32))) | U125: =IF(OR(A125="",D125=""),0,MAX(0,NETWORKDAYS(MAX(D125,DATE(Einstellungen!$C$3,10,1)),MIN(J125,DATE(Einstellungen!$C$3,11,0)),Einstellungen!$F$13:$F$32))) | V125: =IF(OR(A125="",D125=""),0,MAX(0,NETWORKDAYS(MAX(D125,DATE(Einstellungen!$C$3,11,1)),MIN(J125,DATE(Einstellungen!$C$3,12,0)),Einstellungen!$F$13:$F$32))) | W125: =IF(OR(A125="",D125=""),0,MAX(0,NETWORKDAYS(MAX(D125,DATE(Einstellungen!$C$3,12,1)),MIN(J125,DATE(Einstellungen!$C$3,13,0)),Einstellungen!$F$13:$F$32))) | X125: =L125*K125 | Y125: =M125*K125 | Z125: =N125*K125 | AA125: =O125*K125 | AB125: =P125*K125 | AC125: =Q125*K125 | AD125: =R125*K125 | AE125: =S125*K125 | AF125: =T125*K125 | AG125: =U125*K125 | AH125: =V125*K125 | AI125: =W125*K125
B126: =IF(A126="","",IFERROR(INDEX(Mitarbeiter!$B$6:$B$205,MATCH($A126,Mitarbeiter!$A$6:$A$205,0)),"?")) | F126: =IF(A126="","",SUM(L126:W126)) | G126: =IF(A126="","",SUM(X126:AI126)) | H126: =IF(A126="","",IF(ISNA(MATCH(A126,Mitarbeiter!$A$6:$A$205,0)),"Pers.-Nr. unbekannt",IF(D126="","Von fehlt",IF(AND(C126<>Einstellungen!$C$4,C126<>Einstellungen!$C$5),"Objekt fehlt",IF(J126<D126,"Bis vor Von",IF(D126<INDEX(Mitarbeiter!$C$6:$C$205,MATCH($A126,Mitarbeiter!$A$6:$A$205,0)),"vor Eintritt",IF(AND(INDEX(Mitarbeiter!$D$6:$D$205,MATCH($A126,Mitarbeiter!$A$6:$A$205,0))<>"",D126>INDEX(Mitarbeiter!$D$6:$D$205,MATCH($A126,Mitarbeiter!$A$6:$A$205,0))),"nach Austritt",IF(E126="","offen","ok")))))))) | J126: =IF(A126="","",IF(E126="",Einstellungen!$C$9,E126)) | K126: =IF(A126="",0,IFERROR(INDEX(Mitarbeiter!$F$6:$F$205,MATCH($A126,Mitarbeiter!$A$6:$A$205,0)),0)) | L126: =IF(OR(A126="",D126=""),0,MAX(0,NETWORKDAYS(MAX(D126,DATE(Einstellungen!$C$3,1,1)),MIN(J126,DATE(Einstellungen!$C$3,2,0)),Einstellungen!$F$13:$F$32))) | M126: =IF(OR(A126="",D126=""),0,MAX(0,NETWORKDAYS(MAX(D126,DATE(Einstellungen!$C$3,2,1)),MIN(J126,DATE(Einstellungen!$C$3,3,0)),Einstellungen!$F$13:$F$32))) | N126: =IF(OR(A126="",D126=""),0,MAX(0,NETWORKDAYS(MAX(D126,DATE(Einstellungen!$C$3,3,1)),MIN(J126,DATE(Einstellungen!$C$3,4,0)),Einstellungen!$F$13:$F$32))) | O126: =IF(OR(A126="",D126=""),0,MAX(0,NETWORKDAYS(MAX(D126,DATE(Einstellungen!$C$3,4,1)),MIN(J126,DATE(Einstellungen!$C$3,5,0)),Einstellungen!$F$13:$F$32))) | P126: =IF(OR(A126="",D126=""),0,MAX(0,NETWORKDAYS(MAX(D126,DATE(Einstellungen!$C$3,5,1)),MIN(J126,DATE(Einstellungen!$C$3,6,0)),Einstellungen!$F$13:$F$32))) | Q126: =IF(OR(A126="",D126=""),0,MAX(0,NETWORKDAYS(MAX(D126,DATE(Einstellungen!$C$3,6,1)),MIN(J126,DATE(Einstellungen!$C$3,7,0)),Einstellungen!$F$13:$F$32))) | R126: =IF(OR(A126="",D126=""),0,MAX(0,NETWORKDAYS(MAX(D126,DATE(Einstellungen!$C$3,7,1)),MIN(J126,DATE(Einstellungen!$C$3,8,0)),Einstellungen!$F$13:$F$32))) | S126: =IF(OR(A126="",D126=""),0,MAX(0,NETWORKDAYS(MAX(D126,DATE(Einstellungen!$C$3,8,1)),MIN(J126,DATE(Einstellungen!$C$3,9,0)),Einstellungen!$F$13:$F$32))) | T126: =IF(OR(A126="",D126=""),0,MAX(0,NETWORKDAYS(MAX(D126,DATE(Einstellungen!$C$3,9,1)),MIN(J126,DATE(Einstellungen!$C$3,10,0)),Einstellungen!$F$13:$F$32))) | U126: =IF(OR(A126="",D126=""),0,MAX(0,NETWORKDAYS(MAX(D126,DATE(Einstellungen!$C$3,10,1)),MIN(J126,DATE(Einstellungen!$C$3,11,0)),Einstellungen!$F$13:$F$32))) | V126: =IF(OR(A126="",D126=""),0,MAX(0,NETWORKDAYS(MAX(D126,DATE(Einstellungen!$C$3,11,1)),MIN(J126,DATE(Einstellungen!$C$3,12,0)),Einstellungen!$F$13:$F$32))) | W126: =IF(OR(A126="",D126=""),0,MAX(0,NETWORKDAYS(MAX(D126,DATE(Einstellungen!$C$3,12,1)),MIN(J126,DATE(Einstellungen!$C$3,13,0)),Einstellungen!$F$13:$F$32))) | X126: =L126*K126 | Y126: =M126*K126 | Z126: =N126*K126 | AA126: =O126*K126 | AB126: =P126*K126 | AC126: =Q126*K126 | AD126: =R126*K126 | AE126: =S126*K126 | AF126: =T126*K126 | AG126: =U126*K126 | AH126: =V126*K126 | AI126: =W126*K126
B127: =IF(A127="","",IFERROR(INDEX(Mitarbeiter!$B$6:$B$205,MATCH($A127,Mitarbeiter!$A$6:$A$205,0)),"?")) | F127: =IF(A127="","",SUM(L127:W127)) | G127: =IF(A127="","",SUM(X127:AI127)) | H127: =IF(A127="","",IF(ISNA(MATCH(A127,Mitarbeiter!$A$6:$A$205,0)),"Pers.-Nr. unbekannt",IF(D127="","Von fehlt",IF(AND(C127<>Einstellungen!$C$4,C127<>Einstellungen!$C$5),"Objekt fehlt",IF(J127<D127,"Bis vor Von",IF(D127<INDEX(Mitarbeiter!$C$6:$C$205,MATCH($A127,Mitarbeiter!$A$6:$A$205,0)),"vor Eintritt",IF(AND(INDEX(Mitarbeiter!$D$6:$D$205,MATCH($A127,Mitarbeiter!$A$6:$A$205,0))<>"",D127>INDEX(Mitarbeiter!$D$6:$D$205,MATCH($A127,Mitarbeiter!$A$6:$A$205,0))),"nach Austritt",IF(E127="","offen","ok")))))))) | J127: =IF(A127="","",IF(E127="",Einstellungen!$C$9,E127)) | K127: =IF(A127="",0,IFERROR(INDEX(Mitarbeiter!$F$6:$F$205,MATCH($A127,Mitarbeiter!$A$6:$A$205,0)),0)) | L127: =IF(OR(A127="",D127=""),0,MAX(0,NETWORKDAYS(MAX(D127,DATE(Einstellungen!$C$3,1,1)),MIN(J127,DATE(Einstellungen!$C$3,2,0)),Einstellungen!$F$13:$F$32))) | M127: =IF(OR(A127="",D127=""),0,MAX(0,NETWORKDAYS(MAX(D127,DATE(Einstellungen!$C$3,2,1)),MIN(J127,DATE(Einstellungen!$C$3,3,0)),Einstellungen!$F$13:$F$32))) | N127: =IF(OR(A127="",D127=""),0,MAX(0,NETWORKDAYS(MAX(D127,DATE(Einstellungen!$C$3,3,1)),MIN(J127,DATE(Einstellungen!$C$3,4,0)),Einstellungen!$F$13:$F$32))) | O127: =IF(OR(A127="",D127=""),0,MAX(0,NETWORKDAYS(MAX(D127,DATE(Einstellungen!$C$3,4,1)),MIN(J127,DATE(Einstellungen!$C$3,5,0)),Einstellungen!$F$13:$F$32))) | P127: =IF(OR(A127="",D127=""),0,MAX(0,NETWORKDAYS(MAX(D127,DATE(Einstellungen!$C$3,5,1)),MIN(J127,DATE(Einstellungen!$C$3,6,0)),Einstellungen!$F$13:$F$32))) | Q127: =IF(OR(A127="",D127=""),0,MAX(0,NETWORKDAYS(MAX(D127,DATE(Einstellungen!$C$3,6,1)),MIN(J127,DATE(Einstellungen!$C$3,7,0)),Einstellungen!$F$13:$F$32))) | R127: =IF(OR(A127="",D127=""),0,MAX(0,NETWORKDAYS(MAX(D127,DATE(Einstellungen!$C$3,7,1)),MIN(J127,DATE(Einstellungen!$C$3,8,0)),Einstellungen!$F$13:$F$32))) | S127: =IF(OR(A127="",D127=""),0,MAX(0,NETWORKDAYS(MAX(D127,DATE(Einstellungen!$C$3,8,1)),MIN(J127,DATE(Einstellungen!$C$3,9,0)),Einstellungen!$F$13:$F$32))) | T127: =IF(OR(A127="",D127=""),0,MAX(0,NETWORKDAYS(MAX(D127,DATE(Einstellungen!$C$3,9,1)),MIN(J127,DATE(Einstellungen!$C$3,10,0)),Einstellungen!$F$13:$F$32))) | U127: =IF(OR(A127="",D127=""),0,MAX(0,NETWORKDAYS(MAX(D127,DATE(Einstellungen!$C$3,10,1)),MIN(J127,DATE(Einstellungen!$C$3,11,0)),Einstellungen!$F$13:$F$32))) | V127: =IF(OR(A127="",D127=""),0,MAX(0,NETWORKDAYS(MAX(D127,DATE(Einstellungen!$C$3,11,1)),MIN(J127,DATE(Einstellungen!$C$3,12,0)),Einstellungen!$F$13:$F$32))) | W127: =IF(OR(A127="",D127=""),0,MAX(0,NETWORKDAYS(MAX(D127,DATE(Einstellungen!$C$3,12,1)),MIN(J127,DATE(Einstellungen!$C$3,13,0)),Einstellungen!$F$13:$F$32))) | X127: =L127*K127 | Y127: =M127*K127 | Z127: =N127*K127 | AA127: =O127*K127 | AB127: =P127*K127 | AC127: =Q127*K127 | AD127: =R127*K127 | AE127: =S127*K127 | AF127: =T127*K127 | AG127: =U127*K127 | AH127: =V127*K127 | AI127: =W127*K127
B128: =IF(A128="","",IFERROR(INDEX(Mitarbeiter!$B$6:$B$205,MATCH($A128,Mitarbeiter!$A$6:$A$205,0)),"?")) | F128: =IF(A128="","",SUM(L128:W128)) | G128: =IF(A128="","",SUM(X128:AI128)) | H128: =IF(A128="","",IF(ISNA(MATCH(A128,Mitarbeiter!$A$6:$A$205,0)),"Pers.-Nr. unbekannt",IF(D128="","Von fehlt",IF(AND(C128<>Einstellungen!$C$4,C128<>Einstellungen!$C$5),"Objekt fehlt",IF(J128<D128,"Bis vor Von",IF(D128<INDEX(Mitarbeiter!$C$6:$C$205,MATCH($A128,Mitarbeiter!$A$6:$A$205,0)),"vor Eintritt",IF(AND(INDEX(Mitarbeiter!$D$6:$D$205,MATCH($A128,Mitarbeiter!$A$6:$A$205,0))<>"",D128>INDEX(Mitarbeiter!$D$6:$D$205,MATCH($A128,Mitarbeiter!$A$6:$A$205,0))),"nach Austritt",IF(E128="","offen","ok")))))))) | J128: =IF(A128="","",IF(E128="",Einstellungen!$C$9,E128)) | K128: =IF(A128="",0,IFERROR(INDEX(Mitarbeiter!$F$6:$F$205,MATCH($A128,Mitarbeiter!$A$6:$A$205,0)),0)) | L128: =IF(OR(A128="",D128=""),0,MAX(0,NETWORKDAYS(MAX(D128,DATE(Einstellungen!$C$3,1,1)),MIN(J128,DATE(Einstellungen!$C$3,2,0)),Einstellungen!$F$13:$F$32))) | M128: =IF(OR(A128="",D128=""),0,MAX(0,NETWORKDAYS(MAX(D128,DATE(Einstellungen!$C$3,2,1)),MIN(J128,DATE(Einstellungen!$C$3,3,0)),Einstellungen!$F$13:$F$32))) | N128: =IF(OR(A128="",D128=""),0,MAX(0,NETWORKDAYS(MAX(D128,DATE(Einstellungen!$C$3,3,1)),MIN(J128,DATE(Einstellungen!$C$3,4,0)),Einstellungen!$F$13:$F$32))) | O128: =IF(OR(A128="",D128=""),0,MAX(0,NETWORKDAYS(MAX(D128,DATE(Einstellungen!$C$3,4,1)),MIN(J128,DATE(Einstellungen!$C$3,5,0)),Einstellungen!$F$13:$F$32))) | P128: =IF(OR(A128="",D128=""),0,MAX(0,NETWORKDAYS(MAX(D128,DATE(Einstellungen!$C$3,5,1)),MIN(J128,DATE(Einstellungen!$C$3,6,0)),Einstellungen!$F$13:$F$32))) | Q128: =IF(OR(A128="",D128=""),0,MAX(0,NETWORKDAYS(MAX(D128,DATE(Einstellungen!$C$3,6,1)),MIN(J128,DATE(Einstellungen!$C$3,7,0)),Einstellungen!$F$13:$F$32))) | R128: =IF(OR(A128="",D128=""),0,MAX(0,NETWORKDAYS(MAX(D128,DATE(Einstellungen!$C$3,7,1)),MIN(J128,DATE(Einstellungen!$C$3,8,0)),Einstellungen!$F$13:$F$32))) | S128: =IF(OR(A128="",D128=""),0,MAX(0,NETWORKDAYS(MAX(D128,DATE(Einstellungen!$C$3,8,1)),MIN(J128,DATE(Einstellungen!$C$3,9,0)),Einstellungen!$F$13:$F$32))) | T128: =IF(OR(A128="",D128=""),0,MAX(0,NETWORKDAYS(MAX(D128,DATE(Einstellungen!$C$3,9,1)),MIN(J128,DATE(Einstellungen!$C$3,10,0)),Einstellungen!$F$13:$F$32))) | U128: =IF(OR(A128="",D128=""),0,MAX(0,NETWORKDAYS(MAX(D128,DATE(Einstellungen!$C$3,10,1)),MIN(J128,DATE(Einstellungen!$C$3,11,0)),Einstellungen!$F$13:$F$32))) | V128: =IF(OR(A128="",D128=""),0,MAX(0,NETWORKDAYS(MAX(D128,DATE(Einstellungen!$C$3,11,1)),MIN(J128,DATE(Einstellungen!$C$3,12,0)),Einstellungen!$F$13:$F$32))) | W128: =IF(OR(A128="",D128=""),0,MAX(0,NETWORKDAYS(MAX(D128,DATE(Einstellungen!$C$3,12,1)),MIN(J128,DATE(Einstellungen!$C$3,13,0)),Einstellungen!$F$13:$F$32))) | X128: =L128*K128 | Y128: =M128*K128 | Z128: =N128*K128 | AA128: =O128*K128 | AB128: =P128*K128 | AC128: =Q128*K128 | AD128: =R128*K128 | AE128: =S128*K128 | AF128: =T128*K128 | AG128: =U128*K128 | AH128: =V128*K128 | AI128: =W128*K128
B129: =IF(A129="","",IFERROR(INDEX(Mitarbeiter!$B$6:$B$205,MATCH($A129,Mitarbeiter!$A$6:$A$205,0)),"?")) | F129: =IF(A129="","",SUM(L129:W129)) | G129: =IF(A129="","",SUM(X129:AI129)) | H129: =IF(A129="","",IF(ISNA(MATCH(A129,Mitarbeiter!$A$6:$A$205,0)),"Pers.-Nr. unbekannt",IF(D129="","Von fehlt",IF(AND(C129<>Einstellungen!$C$4,C129<>Einstellungen!$C$5),"Objekt fehlt",IF(J129<D129,"Bis vor Von",IF(D129<INDEX(Mitarbeiter!$C$6:$C$205,MATCH($A129,Mitarbeiter!$A$6:$A$205,0)),"vor Eintritt",IF(AND(INDEX(Mitarbeiter!$D$6:$D$205,MATCH($A129,Mitarbeiter!$A$6:$A$205,0))<>"",D129>INDEX(Mitarbeiter!$D$6:$D$205,MATCH($A129,Mitarbeiter!$A$6:$A$205,0))),"nach Austritt",IF(E129="","offen","ok")))))))) | J129: =IF(A129="","",IF(E129="",Einstellungen!$C$9,E129)) | K129: =IF(A129="",0,IFERROR(INDEX(Mitarbeiter!$F$6:$F$205,MATCH($A129,Mitarbeiter!$A$6:$A$205,0)),0)) | L129: =IF(OR(A129="",D129=""),0,MAX(0,NETWORKDAYS(MAX(D129,DATE(Einstellungen!$C$3,1,1)),MIN(J129,DATE(Einstellungen!$C$3,2,0)),Einstellungen!$F$13:$F$32))) | M129: =IF(OR(A129="",D129=""),0,MAX(0,NETWORKDAYS(MAX(D129,DATE(Einstellungen!$C$3,2,1)),MIN(J129,DATE(Einstellungen!$C$3,3,0)),Einstellungen!$F$13:$F$32))) | N129: =IF(OR(A129="",D129=""),0,MAX(0,NETWORKDAYS(MAX(D129,DATE(Einstellungen!$C$3,3,1)),MIN(J129,DATE(Einstellungen!$C$3,4,0)),Einstellungen!$F$13:$F$32))) | O129: =IF(OR(A129="",D129=""),0,MAX(0,NETWORKDAYS(MAX(D129,DATE(Einstellungen!$C$3,4,1)),MIN(J129,DATE(Einstellungen!$C$3,5,0)),Einstellungen!$F$13:$F$32))) | P129: =IF(OR(A129="",D129=""),0,MAX(0,NETWORKDAYS(MAX(D129,DATE(Einstellungen!$C$3,5,1)),MIN(J129,DATE(Einstellungen!$C$3,6,0)),Einstellungen!$F$13:$F$32))) | Q129: =IF(OR(A129="",D129=""),0,MAX(0,NETWORKDAYS(MAX(D129,DATE(Einstellungen!$C$3,6,1)),MIN(J129,DATE(Einstellungen!$C$3,7,0)),Einstellungen!$F$13:$F$32))) | R129: =IF(OR(A129="",D129=""),0,MAX(0,NETWORKDAYS(MAX(D129,DATE(Einstellungen!$C$3,7,1)),MIN(J129,DATE(Einstellungen!$C$3,8,0)),Einstellungen!$F$13:$F$32))) | S129: =IF(OR(A129="",D129=""),0,MAX(0,NETWORKDAYS(MAX(D129,DATE(Einstellungen!$C$3,8,1)),MIN(J129,DATE(Einstellungen!$C$3,9,0)),Einstellungen!$F$13:$F$32))) | T129: =IF(OR(A129="",D129=""),0,MAX(0,NETWORKDAYS(MAX(D129,DATE(Einstellungen!$C$3,9,1)),MIN(J129,DATE(Einstellungen!$C$3,10,0)),Einstellungen!$F$13:$F$32))) | U129: =IF(OR(A129="",D129=""),0,MAX(0,NETWORKDAYS(MAX(D129,DATE(Einstellungen!$C$3,10,1)),MIN(J129,DATE(Einstellungen!$C$3,11,0)),Einstellungen!$F$13:$F$32))) | V129: =IF(OR(A129="",D129=""),0,MAX(0,NETWORKDAYS(MAX(D129,DATE(Einstellungen!$C$3,11,1)),MIN(J129,DATE(Einstellungen!$C$3,12,0)),Einstellungen!$F$13:$F$32))) | W129: =IF(OR(A129="",D129=""),0,MAX(0,NETWORKDAYS(MAX(D129,DATE(Einstellungen!$C$3,12,1)),MIN(J129,DATE(Einstellungen!$C$3,13,0)),Einstellungen!$F$13:$F$32))) | X129: =L129*K129 | Y129: =M129*K129 | Z129: =N129*K129 | AA129: =O129*K129 | AB129: =P129*K129 | AC129: =Q129*K129 | AD129: =R129*K129 | AE129: =S129*K129 | AF129: =T129*K129 | AG129: =U129*K129 | AH129: =V129*K129 | AI129: =W129*K129
B130: =IF(A130="","",IFERROR(INDEX(Mitarbeiter!$B$6:$B$205,MATCH($A130,Mitarbeiter!$A$6:$A$205,0)),"?")) | F130: =IF(A130="","",SUM(L130:W130)) | G130: =IF(A130="","",SUM(X130:AI130)) | H130: =IF(A130="","",IF(ISNA(MATCH(A130,Mitarbeiter!$A$6:$A$205,0)),"Pers.-Nr. unbekannt",IF(D130="","Von fehlt",IF(AND(C130<>Einstellungen!$C$4,C130<>Einstellungen!$C$5),"Objekt fehlt",IF(J130<D130,"Bis vor Von",IF(D130<INDEX(Mitarbeiter!$C$6:$C$205,MATCH($A130,Mitarbeiter!$A$6:$A$205,0)),"vor Eintritt",IF(AND(INDEX(Mitarbeiter!$D$6:$D$205,MATCH($A130,Mitarbeiter!$A$6:$A$205,0))<>"",D130>INDEX(Mitarbeiter!$D$6:$D$205,MATCH($A130,Mitarbeiter!$A$6:$A$205,0))),"nach Austritt",IF(E130="","offen","ok")))))))) | J130: =IF(A130="","",IF(E130="",Einstellungen!$C$9,E130)) | K130: =IF(A130="",0,IFERROR(INDEX(Mitarbeiter!$F$6:$F$205,MATCH($A130,Mitarbeiter!$A$6:$A$205,0)),0)) | L130: =IF(OR(A130="",D130=""),0,MAX(0,NETWORKDAYS(MAX(D130,DATE(Einstellungen!$C$3,1,1)),MIN(J130,DATE(Einstellungen!$C$3,2,0)),Einstellungen!$F$13:$F$32))) | M130: =IF(OR(A130="",D130=""),0,MAX(0,NETWORKDAYS(MAX(D130,DATE(Einstellungen!$C$3,2,1)),MIN(J130,DATE(Einstellungen!$C$3,3,0)),Einstellungen!$F$13:$F$32))) | N130: =IF(OR(A130="",D130=""),0,MAX(0,NETWORKDAYS(MAX(D130,DATE(Einstellungen!$C$3,3,1)),MIN(J130,DATE(Einstellungen!$C$3,4,0)),Einstellungen!$F$13:$F$32))) | O130: =IF(OR(A130="",D130=""),0,MAX(0,NETWORKDAYS(MAX(D130,DATE(Einstellungen!$C$3,4,1)),MIN(J130,DATE(Einstellungen!$C$3,5,0)),Einstellungen!$F$13:$F$32))) | P130: =IF(OR(A130="",D130=""),0,MAX(0,NETWORKDAYS(MAX(D130,DATE(Einstellungen!$C$3,5,1)),MIN(J130,DATE(Einstellungen!$C$3,6,0)),Einstellungen!$F$13:$F$32))) | Q130: =IF(OR(A130="",D130=""),0,MAX(0,NETWORKDAYS(MAX(D130,DATE(Einstellungen!$C$3,6,1)),MIN(J130,DATE(Einstellungen!$C$3,7,0)),Einstellungen!$F$13:$F$32))) | R130: =IF(OR(A130="",D130=""),0,MAX(0,NETWORKDAYS(MAX(D130,DATE(Einstellungen!$C$3,7,1)),MIN(J130,DATE(Einstellungen!$C$3,8,0)),Einstellungen!$F$13:$F$32))) | S130: =IF(OR(A130="",D130=""),0,MAX(0,NETWORKDAYS(MAX(D130,DATE(Einstellungen!$C$3,8,1)),MIN(J130,DATE(Einstellungen!$C$3,9,0)),Einstellungen!$F$13:$F$32))) | T130: =IF(OR(A130="",D130=""),0,MAX(0,NETWORKDAYS(MAX(D130,DATE(Einstellungen!$C$3,9,1)),MIN(J130,DATE(Einstellungen!$C$3,10,0)),Einstellungen!$F$13:$F$32))) | U130: =IF(OR(A130="",D130=""),0,MAX(0,NETWORKDAYS(MAX(D130,DATE(Einstellungen!$C$3,10,1)),MIN(J130,DATE(Einstellungen!$C$3,11,0)),Einstellungen!$F$13:$F$32))) | V130: =IF(OR(A130="",D130=""),0,MAX(0,NETWORKDAYS(MAX(D130,DATE(Einstellungen!$C$3,11,1)),MIN(J130,DATE(Einstellungen!$C$3,12,0)),Einstellungen!$F$13:$F$32))) | W130: =IF(OR(A130="",D130=""),0,MAX(0,NETWORKDAYS(MAX(D130,DATE(Einstellungen!$C$3,12,1)),MIN(J130,DATE(Einstellungen!$C$3,13,0)),Einstellungen!$F$13:$F$32))) | X130: =L130*K130 | Y130: =M130*K130 | Z130: =N130*K130 | AA130: =O130*K130 | AB130: =P130*K130 | AC130: =Q130*K130 | AD130: =R130*K130 | AE130: =S130*K130 | AF130: =T130*K130 | AG130: =U130*K130 | AH130: =V130*K130 | AI130: =W130*K130
